-- ----------------------------------------------------------
--                       LIMPA OS REGISTROS
-- ----------------------------------------------------------
-- TRUNCATE `adm`;
-- TRUNCATE `bairro`;
-- TRUNCATE `categoriakpi`;
-- TRUNCATE `cidade`;
-- TRUNCATE `cidade_has_regiaofranquia`;
-- TRUNCATE `estado`;
-- TRUNCATE `estado_has_regiaofranquia`;
-- TRUNCATE `franqueado`;
-- TRUNCATE `franquia`;
-- TRUNCATE `kpi`;
-- TRUNCATE `masterfranquia`;
-- TRUNCATE `movimentokpi`;
-- TRUNCATE `regiaobrasil`;
-- TRUNCATE `regiaofranquia`;
-- TRUNCATE `registrokpi`;
-- TRUNCATE `usuario`;
-- TRUNCATE `usuariofranqueado`;
-- TRUNCATE `usuariomasterfranqueado`;
-- ----------------------------------------------------------
--                       USUÁRIOS
-- ----------------------------------------------------------
-- tipo 1=ADM   2=Master   3=Franquia
INSERT INTO `usuario`(`cpf`, `nome`, `usuario`, `senha`, `tipo`, `creci`, `email`) 
VALUES 
('11111111111','ADM Iago Collares','Iago ADM','123456','1','1111111111','iagoadm@gmail.com'),
('22222222222','Iago Collares Xavier','Iago','123456','2','2222222222','iagocx@gmail.com'),
('33333333333','Fulano da Silva','SILVA','123456','3','33333333333','fulano@gmail.com'),
('44444444444','José das Couves','COUVES','123456','2','44444444444','jose@gmail.com'),
('55555555555','Oliveira boa praça','PRAÇA','123456','2','55555555555','Oliveira@gmail.com'),
('66666666666','Jair Pinto','PINTO','123456','3','66666666666','pinto@gmail.com'),
('77777777777','Luiz Inácio Lula','LULA','123456','3','77777777777','lula@gmail.com'),
('88888888888','Luiz Carvalho','CARVALHO','123456','3','88888888888','carvalho@gmail.com'),
('99999999999','Jesus Luz','LUZ','123456','3','99999999999','luz@gmail.com');

INSERT INTO `adm`(`Usuario_cpf`) 
VALUES 
('11111111111');

INSERT INTO `usuariomasterfranqueado`(`Usuario_cpf`, `Adm_Usuario_cpf`) 
VALUES 
('22222222222','11111111111'),
('44444444444','11111111111'),
('55555555555','11111111111');

INSERT INTO `usuariofranqueado`(`Usuario_cpf`, `UsuarioMasterFranqueado_Usuario_cpf`) 
VALUES 
('33333333333','22222222222'),
('66666666666','44444444444'),
('77777777777','55555555555'),
('88888888888','55555555555'),
('99999999999','55555555555');

-- ----------------------------------------------------------
--                       REGIÕES DO BRASIL
-- ----------------------------------------------------------
INSERT INTO `regiaobrasil`(`id_RegiaoBrasil`, `nome`, `Adm_Usuario_cpf`) 
VALUES 
(1,'Norte',11111111111),
(2,'Nordeste',11111111111),
(3,'Centro-Oeste',11111111111),
(4,'Sudeste',11111111111),
(5,'Sul',11111111111);
-- ----------------------------------------------------------
--                       ESTADOS
-- ----------------------------------------------------------
-- Região Norte – 07 estados

-- 1 - Amazonas (AM) = Manaus
-- 2 - Roraima (RR) = Boa Vista
-- 3 - Amapá (AP) = Macapá
-- 4 - Pará (PA) = Belém
-- 5 - Tocantins (TO) = Palmas
-- 6 - Rondônia (RO) = Porto Velho
-- 7 - Acre (AC) = Rio Branco

-- Região Nordeste – 09 estados

-- 8 - Maranhão (MA) = São Luís
-- 9 - Piauí (PI) = Teresina
-- 10 - Ceará (CE) = Fortaleza
-- 11 - Rio Grande do Norte (RN) = Natal
-- 12 - Pernambuco (PE) = Recife
-- 13 - Paraíba (PB) = João Pessoa
-- 14 - Sergipe (SE) = Aracaju
-- 15 - Alagoas (AL) = Maceió
-- 16 - Bahia (BA) = Salvador

-- Região Centro-Oeste – 03 estados

-- 17 - Mato Grosso (MT) = Cuiabá
-- 18 - Mato Grosso do Sul (MS) = Campo Grande
-- 19 - Goiás (GO) = Goiânia

-- Região Sudeste – 04 estados

-- 20 - São Paulo (SP) = São Paulo
-- 21 - Rio de Janeiro (RJ) = Rio de Janeiro
-- 22 - Espírito Santo (ES) = Vitória
-- 23 - Minas Gerais (MG) = Belo Horizonte

-- Região Sul – 03 estados

-- 24 - Paraná (PR) = Curitiba
-- 25 - Rio Grande do Sul (RS) = Porto Alegre
-- 26 - Santa Catarina (SC) = Florianópolis

INSERT INTO `estado`(`id_estado`, `nome`, `sigla`, `Adm_Usuario_cpf`, `RegiaoBrasil_id_RegiaoBrasil1`)
VALUES
(1, 'Acre', 'AC', 11111111111, 1),
(2, 'Alagoas', 'AL', 11111111111, 2),
(3, 'Amazonas', 'AM', 11111111111, 1),
(4, 'Amapá', 'AP', 11111111111, 1),
(5, 'Bahia', 'BA', 11111111111, 2),
(6, 'Ceará', 'CE', 11111111111, 2),
(7, 'Distrito Federal', 'DF', 11111111111, 3),
(8, 'Espírito Santo', 'ES', 11111111111, 4),
(9, 'Goiás', 'GO', 11111111111, 3),
(10, 'Maranhão', 'MA', 11111111111, 2),
(11, 'Minas Gerais', 'MG', 11111111111, 4),
(12, 'Mato Grosso do Sul', 'MS', 11111111111, 3),
(13, 'Mato Grosso', 'MT', 11111111111, 3),
(14, 'Pará', 'PA', 11111111111, 1),
(15, 'Paraíba', 'PB', 11111111111, 2),
(16, 'Pernambuco', 'PE', 11111111111, 2),
(17, 'Piauí', 'PI', 11111111111, 2),
(18, 'Paraná', 'PR', 11111111111, 5),
(19, 'Rio de Janeiro', 'RJ', 11111111111, 4),
(20, 'Rio Grande do Norte', 'RN', 11111111111,2),
(21, 'Rondônia', 'RO', 11111111111, 1),
(22, 'Roraima', 'RR', 11111111111, 1),
(23, 'Rio Grande do Sul', 'RS', 11111111111, 5),
(24, 'Santa Catarina', 'SC', 11111111111, 5),
(25, 'Sergipe', 'SE', 11111111111, 2),
(26, 'São Paulo', 'SP', 11111111111, 3),
(27, 'Tocantins', 'TO', 11111111111, 1);
-- ----------------------------------------------------------
--                       CIDADES
-- ----------------------------------------------------------
INSERT INTO `cidade`(`id_cidade`, `nome`, `Adm_Usuario_cpf`, `Estado_id_estado1`) 
VALUES 

(3591, 'Angra dos Reis', 11111111111, 19),
(3592, 'Aperibé', 11111111111, 19),
(3593, 'Araruama', 11111111111, 19),
(3594, 'Areal', 11111111111, 19),
(3595, 'Armação dos Búzios', 11111111111, 19),
(3596, 'Arraial do Cabo', 11111111111, 19),
(3597, 'Barra do Piraí', 11111111111, 19),
(3598, 'Barra Mansa', 11111111111, 19),
(3599, 'Belford Roxo', 11111111111, 19),
(3600, 'Bom Jardim', 11111111111, 19),
(3601, 'Bom Jesus do Itabapoana', 11111111111, 19),
(3602, 'Cabo Frio', 11111111111, 19),
(3603, 'Cachoeiras de Macacu', 11111111111, 19),
(3604, 'Cambuci', 11111111111, 19),
(3605, 'Campos dos Goytacazes', 11111111111, 19),
(3606, 'Cantagalo', 11111111111, 19),
(3607, 'Carapebus', 11111111111, 19),
(3608, 'Cardoso Moreira', 11111111111, 19),
(3609, 'Carmo', 11111111111, 19),
(3610, 'Casimiro de Abreu', 11111111111, 19),
(3611, 'Comendador Levy Gasparian', 11111111111, 19),
(3612, 'Conceição de Macabu', 11111111111, 19),
(3613, 'Cordeiro', 11111111111, 19),
(3614, 'Duas Barras', 11111111111, 19),
(3615, 'Duque de Caxias', 11111111111, 19),
(3616, 'Engenheiro Paulo de Frontin', 11111111111, 19),
(3617, 'Guapimirim', 11111111111, 19),
(3618, 'Iguaba Grande', 11111111111, 19),
(3619, 'Itaboraí', 11111111111, 19),
(3620, 'Itaguaí', 11111111111, 19),
(3621, 'Italva', 11111111111, 19),
(3622, 'Itaocara', 11111111111, 19),
(3623, 'Itaperuna', 11111111111, 19),
(3624, 'Itatiaia', 11111111111, 19),
(3625, 'Japeri', 11111111111, 19),
(3626, 'Laje do Muriaé', 11111111111, 19),
(3627, 'Macaé', 11111111111, 19),
(3628, 'Macuco', 11111111111, 19),
(3629, 'Magé', 11111111111, 19),
(3630, 'Mangaratiba', 11111111111, 19),
(3631, 'Maricá', 11111111111, 19),
(3632, 'Mendes', 11111111111, 19),
(3633, 'Mesquita', 11111111111, 19),
(3634, 'Miguel Pereira', 11111111111, 19),
(3635, 'Miracema', 11111111111, 19),
(3636, 'Natividade', 11111111111, 19),
(3637, 'Nilópolis', 11111111111, 19),
(3638, 'Niterói', 11111111111, 19),
(3639, 'Nova Friburgo', 11111111111, 19),
(3640, 'Nova Iguaçu', 11111111111, 19),
(3641, 'Paracambi', 11111111111, 19),
(3642, 'Paraíba do Sul', 11111111111, 19),
(3643, 'Parati', 11111111111, 19),
(3644, 'Paty do Alferes', 11111111111, 19),
(3645, 'Petrópolis', 11111111111, 19),
(3646, 'Pinheiral', 11111111111, 19),
(3647, 'Piraí', 11111111111, 19),
(3648, 'Porciúncula', 11111111111, 19),
(3649, 'Porto Real', 11111111111, 19),
(3650, 'Quatis', 11111111111, 19),
(3651, 'Queimados', 11111111111, 19),
(3652, 'Quissamã', 11111111111, 19),
(3653, 'Resende', 11111111111, 19),
(3654, 'Rio Bonito', 11111111111, 19),
(3655, 'Rio Claro', 11111111111, 19),
(3656, 'Rio das Flores', 11111111111, 19),
(3657, 'Rio das Ostras', 11111111111, 19),
(3658, 'Rio de Janeiro', 11111111111, 19),
(3659, 'Santa Maria Madalena', 11111111111, 19),
(3660, 'Santo Antônio de Pádua', 11111111111, 19),
(3661, 'São Fidélis', 11111111111, 19),
(3662, 'São Francisco de Itabapoana', 11111111111, 19),
(3663, 'São Gonçalo', 11111111111, 19),
(3664, 'São João da Barra', 11111111111, 19),
(3665, 'São João de Meriti', 11111111111, 19),
(3666, 'São José de Ubá', 11111111111, 19),
(3667, 'São José do Vale do Rio Pret', 11111111111, 19),
(3668, 'São Pedro da Aldeia', 11111111111, 19),
(3669, 'São Sebastião do Alto', 11111111111, 19),
(3670, 'Sapucaia', 11111111111, 19),
(3671, 'Saquarema', 11111111111, 19),
(3672, 'Seropédica', 11111111111, 19),
(3673, 'Silva Jardim', 11111111111, 19),
(3674, 'Sumidouro', 11111111111, 19),
(3675, 'Tanguá', 11111111111, 19),
(3676, 'Teresópolis', 11111111111, 19),
(3677, 'Trajano de Morais', 11111111111, 19),
(3678, 'Três Rios', 11111111111, 19),
(3679, 'Valença', 11111111111, 19),
(3680, 'Varre-Sai', 11111111111, 19),
(3681, 'Vassouras', 11111111111, 19),
(3682, 'Volta Redonda', 11111111111, 19);

-- ----------------------------------------------------------
--                   REGIÃO DE FRANQUIA
-- ----------------------------------------------------------
INSERT INTO `regiaofranquia`(`id_RegiaoFranquiacol`, `nome`, `Adm_Usuario_cpf`) 

VALUES 
(1,'Rio-Região Norte',11111111111),
(2,'Rio-Região Oeste',11111111111),
(3,'Rio-Região Latina',11111111111);
-- ----------------------------------------------------------
--        FRANQUEADOS - FRANQUIA - MASTERFRANQUIA
-- ----------------------------------------------------------
INSERT INTO `franqueado`(`id_franqueado`, `nome_responsavel`, `nome_franquia`, `numero`, `endereco`, 
`tel_franquia`, `tel_responsavel`, `cep`) 
VALUES 
(1,'Flávia Collares','MASTER REMAX Conecta',1582,'Estrada do Galeão]',24676185,99839975,21910-800),
(2,'Augusto Cabral','MASTER REMAX Soho',167,'Estrada do Galeão]',24676185,99839975,21910-800),
(3,'Fernando Miguel','MASTER REMAX Alfa',687,'Estrada do Galeão]',24676185,99839975,21910-800),
(4,'José Alberto','REMAX Beta',210,'Estrada da Cacuia]',24676185,99839975,21910-800),
(5,'Maria da Luz','REMAX Gama',232,'Estrada da Cacuia]',24676185,99839975,21910-800),
(6,'Renata Cooreia','REMAX Teta',54,'Estrada da Cacuia]',24676185,99839975,21910-800),
(7,'João da Silva','REMAX Alfa2',6554,'Estrada da Cacuia]',24676185,99839975,21910-800),
(8,'Raimundo Nonato','REMAX Alfa3',6575,'Estrada da Cacuia]',24676185,99839975,21910-800);
INSERT INTO `masterfranquia`(`Franqueado_id_franqueado`, `RegiaoFranquia_id_RegiaoFranquiacol`, 
`UsuarioMasterFranqueado_Usuario_cpf`) 
VALUES 
(1,1,22222222222),
(2,2,44444444444),
(3,3,55555555555);
-- ----------------------------------------------------------
INSERT INTO `franquia`(`Franqueado_id_franqueado`, `creciRespTec`, `nomeRespTec`, `cnpj`, `email`, `whatsapp`, 
`data_operacao`, `data_inauguracao`, `incMunicipal`, `MasterFranquia_Franqueado_id_franqueado`, 
`RegiaoFranquia_id_RegiaoFranquiacol`, `UsuarioFranqueado_Usuario_cpf`) 
VALUES 
(4,1111111111,'Responsável Técnico 1111111111',111111000111,'alfa@gmail.com',999991111,
20221114,20221114,111111111111111,1,
1,33333333333),
(5,2222222222,'Responsável Técnico 2222222222',222222000222,'beta@gmail.com',999992222,
20221114,20221114,222222222222222,1,
1,66666666666),
(6,3333333333,'Responsável Técnico 3333333333',333333000333,'gama@gmail.com',999993333,
20221114,20221114,333333333333333,1,
1,77777777777),
(7,4444444444,'Responsável Técnico 4444444444',444444000444,'teta@gmail.com',999994444,
20221114,20221114,444444444444444,2,
2,88888888888),
(8,5555555555,'Responsável Técnico 5555555555',555555000555,'soho@gmail.com',999995555,
20221114,20221114,555555555555555,3,
3,99999999999);
-- ----------------------------------------------------------
--                       BAIRROS
-- ----------------------------------------------------------
INSERT INTO `bairro`(`id_bairro`, `nome`, `Adm_Usuario_cpf`, `Cidade_id_cidade1`, 
`RegiaoFranquia_id_RegiaoFranquiacol`) 
VALUES 
('0100001','Água Santa - Angra dos Reis',11111111111, 3658, 1),
('0100002','Biscaia - Angra dos Reis',11111111111, 3658, 1),
('0100003','Bonfim - Angra dos Reis',11111111111, 3658, 1),
('0100004','Caetés - Angra dos Reis',11111111111, 3658, 1),
('0100005','Camorim - Angra dos Reis',11111111111, 3658, 1),
('0100006','Camorim Pequeno - Angra dos Reis',11111111111, 3658, 1),
('0100007','Cantagalo - Angra dos Reis',11111111111, 3658, 1),
('0100008','Caputera I - Angra dos Reis',11111111111, 3658, 1),
('0100009','Caputera II - Angra dos Reis',11111111111, 3658, 1),
('0100010','Centro - Angra dos Reis',11111111111, 3658, 1),
('0100011','Cidade Bíblica - Angra dos Reis',11111111111, 3658, 1),
('0100012','Colégio Naval - Angra dos Reis',11111111111, 3658, 1),
('0100013','Garatucaia - Angra dos Reis',11111111111, 3658, 1),
('0100014','Ilha da Gipóia - Angra dos Reis',11111111111, 3658, 1),
('0100015','Maciéis - Angra dos Reis',11111111111, 3658, 1),
('0100016','Marinas - Angra dos Reis',11111111111, 3658, 1),
('0100017','Mombaça - Angra dos Reis',11111111111, 3658, 1),
('0100018','Monsuaba - Angra dos Reis',11111111111, 3658, 1),
('0100019','Monte Castelo - Angra dos Reis',11111111111, 3658, 1),
('0100020','Morro da Caixa D''água - Angra dos Reis',11111111111, 3658, 1),
('0100021','Morro da Fortaleza - Angra dos Reis',11111111111, 3658, 1),
('0100022','Morro da Glória I - Angra dos Reis',11111111111, 3658, 1),
('0100023','Morro da Glória II - Angra dos Reis',11111111111, 3658, 1),
('0100024','Lambicada - Angra dos Reis',11111111111, 3658, 1),
('0100025','Morro do Abel - Angra dos Reis',11111111111, 3658, 1),
('0100026','Morro do Bulé - Angra dos Reis',11111111111, 3658, 1),
('0100027','Morro do Carmo - Angra dos Reis',11111111111, 3658, 1),
('0100028','Morro do Moreno - Angra dos Reis',11111111111, 3658, 1),
('0100029','Morro do Perez - Angra dos Reis',11111111111, 3658, 1),
('0100030','Morro do Santo Antonio - Angra dos Reis',11111111111, 3658, 1),
('0100031','Morro do Tatu - Angra dos Reis',11111111111, 3658, 1),
('0100032','Paraíso - Angra dos Reis',11111111111, 3658, 1),
('0100033','Balneário - Angra dos Reis',11111111111, 3658, 1),
('0100034','Parque das Palmeiras - Angra dos Reis',11111111111, 3658, 1),
('0100035','Ponta Leste - Angra dos Reis',11111111111, 3658, 1),
('0100036','Portogalo - Angra dos Reis',11111111111, 3658, 1),
('0100037','Praia da Chácara - Angra dos Reis',11111111111, 3658, 1),
('0100038','Praia do Anil - Angra dos Reis',11111111111, 3658, 1),
('0100039','Praia do Machado - Angra dos Reis',11111111111, 3658, 1),
('0100040','Praia Grande - Angra dos Reis',11111111111, 3658, 1),
('0100041','Sapinhatuba I - Angra dos Reis',11111111111, 3658, 1),
('0100042','Sapinhatuba III - Angra dos Reis',11111111111, 3658, 1),
('0100043','Tanguá - Angra dos Reis',11111111111, 3658, 1),
('0100044','Verolme - Angra dos Reis',11111111111, 3658, 1),
('0100045','Vila da Petrobrás - Angra dos Reis',11111111111, 3658, 1),
('0100046','Village - Angra dos Reis',11111111111, 3658, 1),
('0100047','Morro da Cruz - Angra dos Reis',11111111111, 3658, 1),
('0100048','Aeroporto - Angra dos Reis',11111111111, 3658, 1),
('0100049','Areal - Angra dos Reis',11111111111, 3658, 1),
('0100051','Banqueta - Angra dos Reis',11111111111, 3658, 1),
('0100052','Bracuí - Angra dos Reis',11111111111, 3658, 1),
('0100053','Caieira - Angra dos Reis',11111111111, 3658, 1),
('0100054','Campo Belo - Angra dos Reis',11111111111, 3658, 1),
('0100055','Encruzo da Enseada - Angra dos Reis',11111111111, 3658, 1),
('0100056','Enseada - Angra dos Reis',11111111111, 3658, 1),
('0100057','Frade - Angra dos Reis',11111111111, 3658, 1),
('0100058','Gamboa do Belém - Angra dos Reis',11111111111, 3658, 1),
('0100059','Gamboa do Bracuí - Angra dos Reis',11111111111, 3658, 1),
('0100060','Grataú - Angra dos Reis',11111111111, 3658, 1),
('0100061','Ilha Comprida - Angra dos Reis',11111111111, 3658, 1),
('0100062','Ilha da Barra - Angra dos Reis',11111111111, 3658, 1),
('0100063','Ilha do Jorge - Angra dos Reis',11111111111, 3658, 1),
('0100064','Itanema - Angra dos Reis',11111111111, 3658, 1),
('0100065','Japuíba - Angra dos Reis',11111111111, 3658, 1),
('0100066','Nova Angra - Angra dos Reis',11111111111, 3658, 1),
('0100067','Parque Belém - Angra dos Reis',11111111111, 3658, 1),
('0100068','Piraquara - Angra dos Reis',11111111111, 3658, 1),
('0100069','Ponta da Cruz - Angra dos Reis',11111111111, 3658, 1),
('0100070','Ponta da Ribeira - Angra dos Reis',11111111111, 3658, 1),
('0100071','Ponta do Partido - Angra dos Reis',11111111111, 3658, 1),
('0100072','Ponta do Sapê - Angra dos Reis',11111111111, 3658, 1),
('0100073','Pontal - Angra dos Reis',11111111111, 3658, 1),
('0100074','Porto Frade - Angra dos Reis',11111111111, 3658, 1),
('0100075','Praia da Ribeira - Angra dos Reis',11111111111, 3658, 1),
('0100076','Praia do Recife - Angra dos Reis',11111111111, 3658, 1),
('0100078','Retiro - Angra dos Reis',11111111111, 3658, 1),
('0100079','Santa Rita do Bracuí - Angra dos Reis',11111111111, 3658, 1),
('0100083','Usina Nuclear - Angra dos Reis',11111111111, 3658, 1),
('0100085','Abraãozinho - Angra dos Reis',11111111111, 3658, 1),
('0100086','Freguesia de Santana - Angra dos Reis',11111111111, 3658, 1),
('0100087','Guaxuma - Angra dos Reis',11111111111, 3658, 1),
('0100088','Parnaioca - Angra dos Reis',11111111111, 3658, 1),
('0100089','Ponta dos Catelhanos - Angra dos Reis',11111111111, 3658, 1),
('0100090','Praia da Longa - Angra dos Reis',11111111111, 3658, 1),
('0100091','Vila do Abraão - Angra dos Reis',11111111111, 3658, 1),
('0100092','Araçatiba - Angra dos Reis',11111111111, 3658, 1),
('0100093','Bananal - Angra dos Reis',11111111111, 3658, 1),
('0100095','Lopes Mendes - Angra dos Reis',11111111111, 3658, 1),
('0100096','Matariz - Angra dos Reis',11111111111, 3658, 1),
('0100097','Enseada das Palmas - Angra dos Reis',11111111111, 3658, 1),
('0100098','Provetá - Angra dos Reis',11111111111, 3658, 1),
('0100099','Enseada do Sítio Forte - Angra dos Reis',11111111111, 3658, 1),
('0100100','Aventureiro - Angra dos Reis',11111111111, 3658, 1),
('0100101','Morro da Boa Vista - Angra dos Reis',11111111111, 3658, 1),
('0100102','Parque Mambucaba - Angra dos Reis',11111111111, 3658, 1),
('0100103','Parque Perequê - Angra dos Reis',11111111111, 3658, 1),
('0100104','Praia Brava - Angra dos Reis',11111111111, 3658, 1),
('0100105','Praia das Goiabas - Angra dos Reis',11111111111, 3658, 1),
('0100106','Praia Vermelha - Angra dos Reis',11111111111, 3658, 1),
('0100107','Vila Histórica de Mambucaba - Angra dos Reis',11111111111, 3658, 1),
('0100108','BNH - Angra dos Reis',11111111111, 3658, 1),
('0100109','Morro da Carioca - Angra dos Reis',11111111111, 3658, 1),
('0100110','Praia do Jardim - Angra dos Reis',11111111111, 3658, 1),
('0100111','Terminal da Petrobrás - Angra dos Reis',11111111111, 3658, 1),
('0100112','Vila Velha - Angra dos Reis',11111111111, 3658, 1),
('0100113','Vila dos Pescadores - Angra dos Reis',11111111111, 3658, 1),
('0100114','Praia Vermelha da Ilha Grande - Angra dos Reis',11111111111, 3658, 1),
('0100115','Enseada das Estrelas - Angra dos Reis',11111111111, 3658, 1),
('0308001','Areal - Barra do Piraí',11111111111, 3658, 1),
('0308002','Arthur Cataldi - Barra do Piraí',11111111111, 3658, 1),
('0308003','Asa Branca - Barra do Piraí',11111111111, 3658, 1),
('0308004','Belvedere - Barra do Piraí',11111111111, 3658, 1),
('0308005','Boa Sorte - Barra do Piraí',11111111111, 3658, 1),
('0308006','Boca do Mato - Barra do Piraí',11111111111, 3658, 1),
('0308007','Caieira São Pedro - Barra do Piraí',11111111111, 3658, 1),
('0308008','Caixa D''Água Velha - Barra do Piraí',11111111111, 3658, 1),
('0308009','Campo Bom - Barra do Piraí',11111111111, 3658, 1),
('0308010','Carbocálcio - Barra do Piraí',11111111111, 3658, 1),
('0308011','Carlos de Queiroz - Barra do Piraí',11111111111, 3658, 1),
('0308012','Carvão - Barra do Piraí',11111111111, 3658, 1),
('0308013','Centro - Barra do Piraí',11111111111, 3658, 1),
('0308014','Chalet - Barra do Piraí',11111111111, 3658, 1),
('0308015','Chácara Farani - Barra do Piraí',11111111111, 3658, 1),
('0308016','Doutor Mesquita - Barra do Piraí',11111111111, 3658, 1),
('0308017','Grota Funda - Barra do Piraí',11111111111, 3658, 1),
('0308018','Lago Azul - Barra do Piraí',11111111111, 3658, 1),
('0308019','Maracanã - Barra do Piraí',11111111111, 3658, 1),
('0308020','Matadouro - Barra do Piraí',11111111111, 3658, 1),
('0308021','Metalúrgica - Barra do Piraí',11111111111, 3658, 1),
('0308022','Morro do Gama - Barra do Piraí',11111111111, 3658, 1),
('0308023','Morro do Paraíso - Barra do Piraí',11111111111, 3658, 1),
('0308024','Muqueca - Barra do Piraí',11111111111, 3658, 1),
('0308025','Nossa Senhora de Santana - Barra do Piraí',11111111111, 3658, 1),
('0308026','Novo México - Barra do Piraí',11111111111, 3658, 1),
('0308027','Oficinas Velhas - Barra do Piraí',11111111111, 3658, 1),
('0308028','Parque Santana - Barra do Piraí',11111111111, 3658, 1),
('0308029','Parque São Joaquim - Barra do Piraí',11111111111, 3658, 1),
('0308030','Ponte Preta - Barra do Piraí',11111111111, 3658, 1),
('0308031','Ponte Vermelha - Barra do Piraí',11111111111, 3658, 1),
('0308032','Ponte do Andrade - Barra do Piraí',11111111111, 3658, 1),
('0308033','Química - Barra do Piraí',11111111111, 3658, 1),
('0308034','Represa - Barra do Piraí',11111111111, 3658, 1),
('0308035','Roseira - Barra do Piraí',11111111111, 3658, 1),
('0308036','Santa Cecília - Barra do Piraí',11111111111, 3658, 1),
('0308037','Santana de Barra - Barra do Piraí',11111111111, 3658, 1),
('0308038','Santo Antônio - Barra do Piraí',11111111111, 3658, 1),
('0308039','Santo Cristo - Barra do Piraí',11111111111, 3658, 1),
('0308040','São José - Barra do Piraí',11111111111, 3658, 1),
('0308041','São João - Barra do Piraí',11111111111, 3658, 1),
('0308042','São Luiz - Barra do Piraí',11111111111, 3658, 1),
('0308043','Vale do Ipiranga - Barra do Piraí',11111111111, 3658, 1),
('0308044','Vargem Grande - Barra do Piraí',11111111111, 3658, 1),
('0308045','Vila Helena - Barra do Piraí',11111111111, 3658, 1),
('0308046','Vila Suiça - Barra do Piraí',11111111111, 3658, 1),
('0407001','Centro - Barra Mansa',11111111111, 3658, 1),
('0407002','Estamparia - Barra Mansa',11111111111, 3658, 1),
('0407003','Apóstolo Paulo - Barra Mansa',11111111111, 3658, 1),
('0407004','Monte Cristo - Barra Mansa',11111111111, 3658, 1),
('0407005','Abelhas - Barra Mansa',11111111111, 3658, 1),
('0407006','Verbo Divino - Barra Mansa',11111111111, 3658, 1),
('0407007','Cotiara - Barra Mansa',11111111111, 3658, 1),
('0407008','São Silvestre - Barra Mansa',11111111111, 3658, 1),
('0407009','Jardim Boa Vista - Barra Mansa',11111111111, 3658, 1),
('0407010','Roberto Silveira - Barra Mansa',11111111111, 3658, 1),
('0407011','Belo Horizonte - Barra Mansa',11111111111, 3658, 1),
('0407012','Aiuruoca - Barra Mansa',11111111111, 3658, 1),
('0407013','Vista Alegre - Barra Mansa',11111111111, 3658, 1),
('0407014','Jardim Vista Alegre - Barra Mansa',11111111111, 3658, 1),
('0407015','Vila Nova - Barra Mansa',11111111111, 3658, 1),
('0407016','Vila Coringa - Barra Mansa',11111111111, 3658, 1),
('0407017','Vila Brígida - Barra Mansa',11111111111, 3658, 1),
('0407018','Jardim Central - Barra Mansa',11111111111, 3658, 1),
('0407019','Santa Izabel - Barra Mansa',11111111111, 3658, 1),
('0407020','São Francisco de Assis - Barra Mansa',11111111111, 3658, 1),
('0407021','Presidente Vargas - Barra Mansa',11111111111, 3658, 1),
('0407022','Vale do Paraíba - Barra Mansa',11111111111, 3658, 1),
('0407023','Ano Bom - Barra Mansa',11111111111, 3658, 1),
('0407024','Delgado - Barra Mansa',11111111111, 3658, 1),
('0407025','Santa Rosa - Barra Mansa',11111111111, 3658, 1),
('0407026','Residencial Cristo Redentor - Barra Mansa',11111111111, 3658, 1),
('0407027','Vila Orlandélia - Barra Mansa',11111111111, 3658, 1),
('0407028','Vila Elmira - Barra Mansa',11111111111, 3658, 1),
('0407029','Ponte Alta - Barra Mansa',11111111111, 3658, 1),
('0407030','Cajueiro - Barra Mansa',11111111111, 3658, 1),
('0407031','Núcleo Residencial Ponte Alta - Barra Mansa',11111111111, 3658, 1),
('0407032','Mangueira - Barra Mansa',11111111111, 3658, 1),
('0407033','Paraíso - Barra Mansa',11111111111, 3658, 1),
('0407034','Santa Inês - Barra Mansa',11111111111, 3658, 1),
('0407035','Metalúrgico - Barra Mansa',11111111111, 3658, 1),
('0407036','Assunção - Barra Mansa',11111111111, 3658, 1),
('0407037','Jardim Guanabara - Barra Mansa',11111111111, 3658, 1),
('0407038','Santa Rita - Barra Mansa',11111111111, 3658, 1),
('0407039','Jardim Redentor - Barra Mansa',11111111111, 3658, 1),
('0407040','Malvinas - Barra Mansa',11111111111, 3658, 1),
('0407041','São Carlos - Barra Mansa',11111111111, 3658, 1),
('0407042','Primeiro de Maio - Barra Mansa',11111111111, 3658, 1),
('0407043','Nove de Abril - Barra Mansa',11111111111, 3658, 1),
('0407044','São Sebastião - Barra Mansa',11111111111, 3658, 1),
('0407045','Morada da Granja I - Barra Mansa',11111111111, 3658, 1),
('0407046','Morada da Granja II - Barra Mansa',11111111111, 3658, 1),
('0407047','Minerlândia - Barra Mansa',11111111111, 3658, 1),
('0407048','São Cristovão - Barra Mansa',11111111111, 3658, 1),
('0407049','Boa Vista II - Barra Mansa',11111111111, 3658, 1),
('0407050','Boa Vista III - Barra Mansa',11111111111, 3658, 1),
('0407051','Boa Vista I - Barra Mansa',11111111111, 3658, 1),
('0407052','Vila Principal - Barra Mansa',11111111111, 3658, 1),
('0407053','Jardim Alice - Barra Mansa',11111111111, 3658, 1),
('0407054','São Judas Tadeu - Barra Mansa',11111111111, 3658, 1),
('0407055','Barbará - Barra Mansa',11111111111, 3658, 1),
('0407056','Piteiras - Barra Mansa',11111111111, 3658, 1),
('0407057','Boa Sorte - Barra Mansa',11111111111, 3658, 1),
('0407058','São Luiz - Barra Mansa',11111111111, 3658, 1),
('0407059','Nova Esperança - Barra Mansa',11111111111, 3658, 1),
('0407060','Rozelândia - Barra Mansa',11111111111, 3658, 1),
('0407061','Bela Vista - Barra Mansa',11111111111, 3658, 1),
('0407062','Jardim Primavera - Barra Mansa',11111111111, 3658, 1),
('0407063','Presidente Dutra - Barra Mansa',11111111111, 3658, 1),
('0407064','Jardim Marajoara - Barra Mansa',11111111111, 3658, 1),
('0407065','Santa Clara - Barra Mansa',11111111111, 3658, 1),
('0407066','Santa Lucia - Barra Mansa',11111111111, 3658, 1),
('0407067','Goiabal - Barra Mansa',11111111111, 3658, 1),
('0407068','Jardim Marilú - Barra Mansa',11111111111, 3658, 1),
('0407069','São Pedro - Barra Mansa',11111111111, 3658, 1),
('0407070','Getúlio Vargas - Barra Mansa',11111111111, 3658, 1),
('0407071','Vila Independência - Barra Mansa',11111111111, 3658, 1),
('0407072','Jardim américa - Barra Mansa',11111111111, 3658, 1),
('0407073','Cantagalo - Barra Mansa',11111111111, 3658, 1),
('0407074','Siderlândia - Barra Mansa',11111111111, 3658, 1),
('0407075','São Domingos - Barra Mansa',11111111111, 3658, 1),
('0407076','Esperança - Barra Mansa',11111111111, 3658, 1),
('0407077','Santa Maria II - Barra Mansa',11111111111, 3658, 1),
('0407078','Morada do Vale - Barra Mansa',11111111111, 3658, 1),
('0407079','Morada da Colônia I - Barra Mansa',11111111111, 3658, 1),
('0407080','Colônia Santo Antonio - Barra Mansa',11111111111, 3658, 1),
('0407081','Nossa Senhora de Fátima - Barra Mansa',11111111111, 3658, 1),
('0407082','Morada da Colônia II - Barra Mansa',11111111111, 3658, 1),
('0407083','Vila Ursulino - Barra Mansa',11111111111, 3658, 1),
('0407084','Vila Maria - Barra Mansa',11111111111, 3658, 1),
('0407085','Saudade - Barra Mansa',11111111111, 3658, 1),
('0407086','Bom Pastor - Barra Mansa',11111111111, 3658, 1),
('0407087','Bocaininha - Barra Mansa',11111111111, 3658, 1),
('0407088','São Vicente - Barra Mansa',11111111111, 3658, 1),
('0456001','Centro - Belford Roxo',11111111111, 3658, 1),
('0456002','Santo Antônio da Prata - Belford Roxo',11111111111, 3658, 1),
('0456003','Areia Branca - Belford Roxo',11111111111, 3658, 1),
('0456004','Andrade Araujo - Belford Roxo',11111111111, 3658, 1),
('0456005','Heliópolis - Belford Roxo',11111111111, 3658, 1),
('0456006','Piam - Belford Roxo',11111111111, 3658, 1),
('0456007','Nova Piam - Belford Roxo',11111111111, 3658, 1),
('0456008','Recantus - Belford Roxo',11111111111, 3658, 1),
('0456009','Nova Aurora - Belford Roxo',11111111111, 3658, 1),
('0456010','Xavantes - Belford Roxo',11111111111, 3658, 1),
('0456011','São Francisco de Assis - Belford Roxo',11111111111, 3658, 1),
('0456012','Itaipu - Belford Roxo',11111111111, 3658, 1),
('0456013','Shangri-lá - Belford Roxo',11111111111, 3658, 1),
('0456014','Redentor - Belford Roxo',11111111111, 3658, 1),
('0456015','Bom Pastor - Belford Roxo',11111111111, 3658, 1),
('0456016','Das Graças - Belford Roxo',11111111111, 3658, 1),
('0456017','Santa Amélia - Belford Roxo',11111111111, 3658, 1),
('0456018','Barro Vermelho - Belford Roxo',11111111111, 3658, 1),
('0456019','Pauline - Belford Roxo',11111111111, 3658, 1),
('0456020','Glaucia - Belford Roxo',11111111111, 3658, 1),
('0456021','Santa Tereza - Belford Roxo',11111111111, 3658, 1),
('0456022','São José - Belford Roxo',11111111111, 3658, 1),
('0456023','Parque dos Ferreiras - Belford Roxo',11111111111, 3658, 1),
('0456024','Lote XV - Belford Roxo',11111111111, 3658, 1),
('0456025','Vale do Ipê - Belford Roxo',11111111111, 3658, 1),
('0456026','Wona - Belford Roxo',11111111111, 3658, 1),
('0456027','Maringá - Belford Roxo',11111111111, 3658, 1),
('0456028','São Vicente - Belford Roxo',11111111111, 3658, 1),
('0456029','Santa Maria - Belford Roxo',11111111111, 3658, 1),
('0456030','São Bernardo - Belford Roxo',11111111111, 3658, 1),
('0605001','Centro - Bom Jesus do Itabapoana',11111111111, 3658, 1),
('0605002','Jorge Assis de Oliveira - Asa Branca - Bom Jesus do Itabapoana',11111111111, 3658, 1),
('0605003','Jardim Valéria - Bom Jesus do Itabapoana',11111111111, 3658, 1),
('0605004','José Lima - Bom Jesus do Itabapoana',11111111111, 3658, 1),
('0605005','Lia Márcia - Bom Jesus do Itabapoana',11111111111, 3658, 1),
('0605006','Bairro Novo - Bom Jesus do Itabapoana',11111111111, 3658, 1),
('0605007','Oscar Campos - Bom Jesus do Itabapoana',11111111111, 3658, 1),
('0605008','Santa Rosa - Bom Jesus do Itabapoana',11111111111, 3658, 1),
('0605009','Bela Vista - Bom Jesus do Itabapoana',11111111111, 3658, 1),
('0605010','Pimentel Marques - Bom Jesus do Itabapoana',11111111111, 3658, 1),
('0605011','Santa Terezinha - Bom Jesus do Itabapoana',11111111111, 3658, 1),
('1009001','Centro - Campos dos Goytacazes',11111111111, 3658, 1),
('1009002','Parque Avenida Pelinca - Campos dos Goytacazes',11111111111, 3658, 1),
('1009003','Parque Conselheiro Tomaz Coelho - Campos dos Goytacazes',11111111111, 3658, 1),
('1009004','Parque Dom Bosco - Campos dos Goytacazes',11111111111, 3658, 1),
('1009005','Parque Tamandaré - Campos dos Goytacazes',11111111111, 3658, 1),
('1009006','Parque Santo Amaro - Campos dos Goytacazes',11111111111, 3658, 1),
('1009007','Parque São Caetano - Campos dos Goytacazes',11111111111, 3658, 1),
('1009008','Parque Presidente Juscelino - Campos dos Goytacazes',11111111111, 3658, 1),
('1009009','Jardim Maria de Queiroz - Campos dos Goytacazes',11111111111, 3658, 1),
('1009010','Caju - Campos dos Goytacazes',11111111111, 3658, 1),
('1009011','Sumaré - Campos dos Goytacazes',11111111111, 3658, 1),
('1009012','Parque Alberto Torres - Campos dos Goytacazes',11111111111, 3658, 1),
('1009013','Parque Nossa Senhora do Rosário - Campos dos Goytacazes',11111111111, 3658, 1),
('1009014','Parque Leopoldina - Campos dos Goytacazes',11111111111, 3658, 1),
('1009015','Parque São Salvador - Campos dos Goytacazes',11111111111, 3658, 1),
('1009016','Parque São Clemente - Campos dos Goytacazes',11111111111, 3658, 1),
('1009017','Parque Pecuária - Campos dos Goytacazes',11111111111, 3658, 1),
('1009018','Parque Quinze de Novembro - Campos dos Goytacazes',11111111111, 3658, 1),
('1009019','Parque Corrientes - Campos dos Goytacazes',11111111111, 3658, 1),
('1009020','Parque Nova Brasília - Campos dos Goytacazes',11111111111, 3658, 1),
('1009021','Parque Esplanada - Campos dos Goytacazes',11111111111, 3658, 1),
('1009022','Parque Julião Nogueira - Campos dos Goytacazes',11111111111, 3658, 1),
('1009023','Parque dos Rodoviários - Campos dos Goytacazes',11111111111, 3658, 1),
('1009024','Parque João Seixas - Campos dos Goytacazes',11111111111, 3658, 1),
('1009025','Parque Rosário - Campos dos Goytacazes',11111111111, 3658, 1),
('1009026','Parque Carlos de Lacerda - Campos dos Goytacazes',11111111111, 3658, 1),
('1009027','Parque Aurora - Campos dos Goytacazes',11111111111, 3658, 1),
('1009028','Parque São Lino - Campos dos Goytacazes',11111111111, 3658, 1),
('1009029','Parque Rui Barbosa - Campos dos Goytacazes',11111111111, 3658, 1),
('1009030','Parque Fazendinha - Campos dos Goytacazes',11111111111, 3658, 1),
('1009031','Parque João Maria - Campos dos Goytacazes',11111111111, 3658, 1),
('1009032','Ips - Campos dos Goytacazes',11111111111, 3658, 1),
('1009033','Parque Dr. Beda - Campos dos Goytacazes',11111111111, 3658, 1),
('1009034','Parque São Benedito - Campos dos Goytacazes',11111111111, 3658, 1),
('1009035','Parque Fazenda Grande - Campos dos Goytacazes',11111111111, 3658, 1),
('1009036','Parque Tarcísio Miranda - Campos dos Goytacazes',11111111111, 3658, 1),
('1009037','Lapa - Campos dos Goytacazes',11111111111, 3658, 1),
('1009038','Parque Oliveira Botelho - Campos dos Goytacazes',11111111111, 3658, 1),
('1009039','Parque Riachuelo - Campos dos Goytacazes',11111111111, 3658, 1),
('1009040','Parque Califórnia - Campos dos Goytacazes',11111111111, 3658, 1),
('1009041','Parque Salo Brand - Campos dos Goytacazes',11111111111, 3658, 1),
('1009042','Horto - Campos dos Goytacazes',11111111111, 3658, 1),
('1009043','Chácara João Ferreira - Campos dos Goytacazes',11111111111, 3658, 1),
('1009044','Parque Turf Club - Campos dos Goytacazes',11111111111, 3658, 1),
('1009045','Jardim Flamboyant I - Campos dos Goytacazes',11111111111, 3658, 1),
('1009046','Jardim Flamboyant II - Campos dos Goytacazes',11111111111, 3658, 1),
('1009047','Parque José do Patrocínio - Campos dos Goytacazes',11111111111, 3658, 1),
('1009048','Parque Vista Alegre - Campos dos Goytacazes',11111111111, 3658, 1),
('1009049','Parque Benta Pereira - Campos dos Goytacazes',11111111111, 3658, 1),
('1009050','Parque Jóckey Club - Campos dos Goytacazes',11111111111, 3658, 1),
('1009051','Parque do Prado - Campos dos Goytacazes',11111111111, 3658, 1),
('1009052','Parque Bela Vista - Campos dos Goytacazes',11111111111, 3658, 1),
('1009053','Da Penha - Campos dos Goytacazes',11111111111, 3658, 1),
('1009054','Parque Niterói - Campos dos Goytacazes',11111111111, 3658, 1),
('1009055','Parque Presidente Vargas - Campos dos Goytacazes',11111111111, 3658, 1),
('1009056','Parque Zuza Mota - Campos dos Goytacazes',11111111111, 3658, 1),
('1009057','Parque Barão do Rio Branco - Campos dos Goytacazes',11111111111, 3658, 1),
('1009058','Parque São Domingos - Campos dos Goytacazes',11111111111, 3658, 1),
('1009059','Jardim Guarus - Campos dos Goytacazes',11111111111, 3658, 1),
('1009060','Jardim Carioca - Campos dos Goytacazes',11111111111, 3658, 1),
('1009061','Parque Bandeirantes - Campos dos Goytacazes',11111111111, 3658, 1),
('1009062','Parque Santo Antônio - Campos dos Goytacazes',11111111111, 3658, 1),
('1009063','Parque Vera Cruz - Campos dos Goytacazes',11111111111, 3658, 1),
('1009064','Parque Prazeres - Campos dos Goytacazes',11111111111, 3658, 1),
('1009065','Parque Guarus - Campos dos Goytacazes',11111111111, 3658, 1),
('1009066','Parque São Mateus - Campos dos Goytacazes',11111111111, 3658, 1),
('1009067','Parque Fundão - Campos dos Goytacazes',11111111111, 3658, 1),
('1009068','Parque Cidade Luz - Campos dos Goytacazes',11111111111, 3658, 1),
('1009069','Parque São José - Campos dos Goytacazes',11111111111, 3658, 1),
('1009070','Parque Alvorada - Campos dos Goytacazes',11111111111, 3658, 1),
('1009071','Parque Bonsucesso - Campos dos Goytacazes',11111111111, 3658, 1),
('1009072','Parque Vicente Gonçalves Dias - Campos dos Goytacazes',11111111111, 3658, 1),
('1009073','Parque Novo Mundo - Campos dos Goytacazes',11111111111, 3658, 1),
('1009074','Jardim Residencial Planície - Campos dos Goytacazes',11111111111, 3658, 1),
('1009075','Parque Santa Rosa - Campos dos Goytacazes',11111111111, 3658, 1),
('1009076','Parque Eldorado - Campos dos Goytacazes',11111111111, 3658, 1),
('1009077','Parque São Silvestre - Campos dos Goytacazes',11111111111, 3658, 1),
('1009078','Vila Industrial - Campos dos Goytacazes',11111111111, 3658, 1),
('1702001','Parque Duque - Duque de Caxias',11111111111, 3658, 1),
('1702002','Vinte e Cinco de Agosto - Duque de Caxias',11111111111, 3658, 1),
('1702003','Centro - Duque de Caxias',11111111111, 3658, 1),
('1702004','Bar dos Cavalheiros - Duque de Caxias',11111111111, 3658, 1),
('1702005','Periquitos - Duque de Caxias',11111111111, 3658, 1),
('1702006','Centenário - Duque de Caxias',11111111111, 3658, 1),
('1702007','Olavo Bilac - Duque de Caxias',11111111111, 3658, 1),
('1702008','Gramacho - Duque de Caxias',11111111111, 3658, 1),
('1702009','Doutor Laureano - Duque de Caxias',11111111111, 3658, 1),
('1702010','Vila São Luís - Duque de Caxias',11111111111, 3658, 1),
('1702011','Parque Sarapuí - Duque de Caxias',11111111111, 3658, 1),
('1702012','Vila São José - Duque de Caxias',11111111111, 3658, 1),
('1702013','Parque Fluminense - Duque de Caxias',11111111111, 3658, 1),
('1702014','São Bento - Duque de Caxias',11111111111, 3658, 1),
('1702015','Pilar - Duque de Caxias',11111111111, 3658, 1),
('1702016','Campos Elíseos - Duque de Caxias',11111111111, 3658, 1),
('1702017','Cidade dos Meninos - Duque de Caxias',11111111111, 3658, 1),
('1702018','Figueira - Duque de Caxias',11111111111, 3658, 1),
('1702019','Jardim Primavera - Duque de Caxias',11111111111, 3658, 1),
('1702020','Cângulo - Duque de Caxias',11111111111, 3658, 1),
('1702021','Saracuruna - Duque de Caxias',11111111111, 3658, 1),
('1702022','Chácaras Rio-Petrópolis - Duque de Caxias',11111111111, 3658, 1),
('1702023','Chácaras Arcampo - Duque de Caxias',11111111111, 3658, 1),
('1702024','Parque Eldorado - Duque de Caxias',11111111111, 3658, 1),
('1702025','Santa Cruz da Serra - Duque de Caxias',11111111111, 3658, 1),
('1702026','Imbariê - Duque de Caxias',11111111111, 3658, 1),
('1702027','Parada Morabi - Duque de Caxias',11111111111, 3658, 1),
('1702028','Jardim Anhangá - Duque de Caxias',11111111111, 3658, 1),
('1702029','Cidade Parque Paulista - Duque de Caxias',11111111111, 3658, 1),
('1702030','Barro Branco - Duque de Caxias',11111111111, 3658, 1),
('1702031','Santa Lúcia - Duque de Caxias',11111111111, 3658, 1),
('1702032','Parada Angélica - Duque de Caxias',11111111111, 3658, 1),
('1702033','Taquara - Duque de Caxias',11111111111, 3658, 1),
('1702034','Santo Antônio - Duque de Caxias',11111111111, 3658, 1),
('1702035','Meio da Serra - Duque de Caxias',11111111111, 3658, 1),
('1702036','Amapá - Duque de Caxias',11111111111, 3658, 1),
('1702037','Capivari - Duque de Caxias',11111111111, 3658, 1),
('1702038','Lamarão - Duque de Caxias',11111111111, 3658, 1),
('1702039','Mantiquira - Duque de Caxias',11111111111, 3658, 1),
('1702040','Xerém - Duque de Caxias',11111111111, 3658, 1),
('1876001','Iguaba Pequena - Iguaba Grande',11111111111, 3658, 1),
('1876002','Andorinhas - Iguaba Grande',11111111111, 3658, 1),
('1876003','Canellas City - Iguaba Grande',11111111111, 3658, 1),
('1876004','Laguna Azul - Iguaba Grande',11111111111, 3658, 1),
('1876005','Parque Tamariz - Iguaba Grande',11111111111, 3658, 1),
('1876006','Centro - Iguaba Grande',11111111111, 3658, 1),
('1876007','Sopotó - Iguaba Grande',11111111111, 3658, 1),
('1876008','Pedreira - Iguaba Grande',11111111111, 3658, 1),
('1876009','Jardim Solares - Iguaba Grande',11111111111, 3658, 1),
('1876010','Boa Vista - Iguaba Grande',11111111111, 3658, 1),
('1876011','Estação - Iguaba Grande',11111111111, 3658, 1),
('1876012','Nova Iguaba - Iguaba Grande',11111111111, 3658, 1),
('1876013','São Miguel - Iguaba Grande',11111111111, 3658, 1),
('1876014','União - Iguaba Grande',11111111111, 3658, 1),
('1876015','Cidade Nova - Iguaba Grande',11111111111, 3658, 1),
('1876016','Vila Nova - Iguaba Grande',11111111111, 3658, 1),
('1876017','Igarapiapunha - Iguaba Grande',11111111111, 3658, 1),
('1876018','Arrastão das Pedras - Iguaba Grande',11111111111, 3658, 1),
('1876019','Ubás - Iguaba Grande',11111111111, 3658, 1),
('1876020','Capivara - Iguaba Grande',11111111111, 3658, 1),
('1876021','Coqueiros - Iguaba Grande',11111111111, 3658, 1),
('1876022','Sapeatiba Mirim - Iguaba Grande',11111111111, 3658, 1),
('1900001','Ampliação - Itaboraí',11111111111, 3658, 1),
('1900002','Areal - Itaboraí',11111111111, 3658, 1),
('1900003','Badureco - Itaboraí',11111111111, 3658, 1),
('1900004','Bela Vista - Itaboraí',11111111111, 3658, 1),
('1900005','Caluge - Itaboraí',11111111111, 3658, 1),
('1900006','Calundu - Itaboraí',11111111111, 3658, 1),
('1900007','City Areal - Itaboraí',11111111111, 3658, 1),
('1900008','Colônia - Itaboraí',11111111111, 3658, 1),
('1900009','Engenho Velho - Itaboraí',11111111111, 3658, 1),
('1900010','Esperança - Itaboraí',11111111111, 3658, 1),
('1900011','Iguá - Itaboraí',11111111111, 3658, 1),
('1900012','Itaboraí - Itaboraí',11111111111, 3658, 1),
('1900013','Itaville - Itaboraí',11111111111, 3658, 1),
('1900014','Jardim Ferma - Itaboraí',11111111111, 3658, 1),
('1900015','Jardim Imperial - Itaboraí',11111111111, 3658, 1),
('1900016','Joaquim de Oliveira - Itaboraí',11111111111, 3658, 1),
('1900017','Nancilândia - Itaboraí',11111111111, 3658, 1),
('1900018','Nova Cidade - Itaboraí',11111111111, 3658, 1),
('1900019','Outeiro das Pedras - Itaboraí',11111111111, 3658, 1),
('1900020','Picos - Itaboraí',11111111111, 3658, 1),
('1900021','Quissamã - Itaboraí',11111111111, 3658, 1),
('1900022','Retiro - Itaboraí',11111111111, 3658, 1),
('1900023','Retiro São Joaquim - Itaboraí',11111111111, 3658, 1),
('1900024','Rio Várzea - Itaboraí',11111111111, 3658, 1),
('1900025','Santo Expedito - Itaboraí',11111111111, 3658, 1),
('1900026','Sapê - Itaboraí',11111111111, 3658, 1),
('1900027','Sossego - Itaboraí',11111111111, 3658, 1),
('1900028','Três Pontes - Itaboraí',11111111111, 3658, 1),
('1900029','Venda das Pedras - Itaboraí',11111111111, 3658, 1),
('1900030','Vila Rica - Itaboraí',11111111111, 3658, 1),
('1900031','Cabuçu - Itaboraí',11111111111, 3658, 1),
('1900032','Curuzu - Itaboraí',11111111111, 3658, 1),
('1900033','Pitanga - Itaboraí',11111111111, 3658, 1),
('1900034','Recanto dos Magalhães - Itaboraí',11111111111, 3658, 1),
('1900035','São José - Itaboraí',11111111111, 3658, 1),
('1900036','São Sebastião - Itaboraí',11111111111, 3658, 1),
('1900037','Vila Verde - Itaboraí',11111111111, 3658, 1),
('1900038','Gebara - Itaboraí',11111111111, 3658, 1),
('1900039','Grande Rio - Itaboraí',11111111111, 3658, 1),
('1900040','Itambi - Itaboraí',11111111111, 3658, 1),
('1900041','Jardim Itambi - Itaboraí',11111111111, 3658, 1),
('1900042','João Caetano - Itaboraí',11111111111, 3658, 1),
('1900043','Morada do Sol I - Itaboraí',11111111111, 3658, 1),
('1900044','Morada do Sol II - Itaboraí',11111111111, 3658, 1),
('1900045','Parque Aurora - Itaboraí',11111111111, 3658, 1),
('1900046','Aldeia da Prata - Itaboraí',11111111111, 3658, 1),
('1900047','Apollo II - Itaboraí',11111111111, 3658, 1),
('1900048','Granjas Cabuçu - Itaboraí',11111111111, 3658, 1),
('1900049','Manilha - Itaboraí',11111111111, 3658, 1),
('1900050','Marambaia - Itaboraí',11111111111, 3658, 1),
('1900051','Monte Verde - Itaboraí',11111111111, 3658, 1),
('1900052','Novo Horizonte - Itaboraí',11111111111, 3658, 1),
('1900053','Santo Antônio - Itaboraí',11111111111, 3658, 1),
('1900054','São Miguel - Itaboraí',11111111111, 3658, 1),
('1900055','Vila Brasil - Itaboraí',11111111111, 3658, 1),
('1900056','Vila Gabriela - Itaboraí',11111111111, 3658, 1),
('1900057','Granjas Mirassol - Itaboraí',11111111111, 3658, 1),
('1900058','Pachecos - Itaboraí',11111111111, 3658, 1),
('1900059','Perobas - Itaboraí',11111111111, 3658, 1),
('1900060','Nossa Senhora da Conceição - Itaboraí',11111111111, 3658, 1),
('1900061','Porto das Caixas - Itaboraí',11111111111, 3658, 1),
('1900062','Agro Brasil - Itaboraí',11111111111, 3658, 1),
('1900063','Alto Jacu - Itaboraí',11111111111, 3658, 1),
('1900064','Chácara Bela Vista - Itaboraí',11111111111, 3658, 1),
('1900065','Parque Nova Friburgo - Itaboraí',11111111111, 3658, 1),
('1900066','Quinta dos Colibris - Itaboraí',11111111111, 3658, 1),
('1900067','Sambaetiba - Itaboraí',11111111111, 3658, 1),
('1900068','Itamarati - Itaboraí',11111111111, 3658, 1),
('1900069','Maravilha - Itaboraí',11111111111, 3658, 1),
('1900070','Vila Visconde - Itaboraí',11111111111, 3658, 1),
('1900071','Vilage do Sol - Itaboraí',11111111111, 3658, 1),
('1900072','Visconde - Itaboraí',11111111111, 3658, 1),
('2270001','Centro de Japeri - Japeri',11111111111, 3658, 1),
('2270002','Virgem de Fátima - Japeri',11111111111, 3658, 1),
('2270003','Beira-Rio - Japeri',11111111111, 3658, 1),
('2270004','Proletário - Japeri',11111111111, 3658, 1),
('2270005','Chacrinha - Japeri',11111111111, 3658, 1),
('2270006','Fazenda Americana - Japeri',11111111111, 3658, 1),
('2270007','Nova Belém - Japeri',11111111111, 3658, 1),
('2270008','Lagoa do Sapo - Japeri',11111111111, 3658, 1),
('2270009','São Pedro - Japeri',11111111111, 3658, 1),
('2270010','Santa Inês - Japeri',11111111111, 3658, 1),
('2270011','São Jorge - Japeri',11111111111, 3658, 1),
('2270012','Centro de Engenheiro Pedreira - Japeri',11111111111, 3658, 1),
('2270013','Das Granjas - Japeri',11111111111, 3658, 1),
('2270014','Bananal - Japeri',11111111111, 3658, 1),
('2270015','Mucajá - Japeri',11111111111, 3658, 1),
('2270016','São Cosme e São Damião - Japeri',11111111111, 3658, 1),
('2270017','Caramujos - Japeri',11111111111, 3658, 1),
('2270018','Delamare - Japeri',11111111111, 3658, 1),
('2270019','Alecrim - Japeri',11111111111, 3658, 1),
('2270020','Cajuri - Japeri',11111111111, 3658, 1),
('2270021','Dos Eucaliptos - Japeri',11111111111, 3658, 1),
('2270022','Belo Horizonte - Japeri',11111111111, 3658, 1),
('2270023','Aljezur - Japeri',11111111111, 3658, 1),
('2270024','Laranjal - Japeri',11111111111, 3658, 1),
('2270025','Guandu - Japeri',11111111111, 3658, 1),
('2270026','Marajoara - Japeri',11111111111, 3658, 1),
('2270027','Santo Antônio - Japeri',11111111111, 3658, 1),
('2270028','Santa Amelia - Japeri',11111111111, 3658, 1),
('2270029','Rio D''Ouro - Japeri',11111111111, 3658, 1),
('2270030','Esperança - Japeri',11111111111, 3658, 1),
('2403001','Barra de Macaé - Macaé',11111111111, 3658, 1),
('2403002','Parque Aeroporto - Macaé',11111111111, 3658, 1),
('2403003','Ajuda - Macaé',11111111111, 3658, 1),
('2403004','Cabiúnas - Macaé',11111111111, 3658, 1),
('2403005','Lagomar - Macaé',11111111111, 3658, 1),
('2403006','São José do Barreto - Macaé',11111111111, 3658, 1),
('2403007','Imboassica - Macaé',11111111111, 3658, 1),
('2403008','Lagoa - Macaé',11111111111, 3658, 1),
('2403009','Vale Encantado - Macaé',11111111111, 3658, 1),
('2403010','Granja dos Cavaleiros - Macaé',11111111111, 3658, 1),
('2403011','Glória - Macaé',11111111111, 3658, 1),
('2403012','Cavaleiros - Macaé',11111111111, 3658, 1),
('2403013','Centro - Macaé',11111111111, 3658, 1),
('2403014','Imbetiba - Macaé',11111111111, 3658, 1),
('2403015','Cajueiros - Macaé',11111111111, 3658, 1),
('2403016','Miramar - Macaé',11111111111, 3658, 1),
('2403017','Visconde de Araújo - Macaé',11111111111, 3658, 1),
('2403018','Praia Campista - Macaé',11111111111, 3658, 1),
('2403019','Riviera Fluminense - Macaé',11111111111, 3658, 1),
('2403020','Aroeira - Macaé',11111111111, 3658, 1),
('2403021','Botafogo - Macaé',11111111111, 3658, 1),
('2403022','Virgem Santa - Macaé',11111111111, 3658, 1),
('2809001','Martins Costa - Mendes',11111111111, 3658, 1),
('2809002','Morsing - Mendes',11111111111, 3658, 1),
('2809003','Cinco Lagos - Mendes',11111111111, 3658, 1),
('3203001','Centro - Nilópolis',11111111111, 3658, 1),
('3203002','Frigorífico - Nilópolis',11111111111, 3658, 1),
('3203003','Nova Cidade - Nilópolis',11111111111, 3658, 1),
('3203004','Novo Horizonte - Nilópolis',11111111111, 3658, 1),
('3203005','Cabuís - Nilópolis',11111111111, 3658, 1),
('3203006','Tropical - Nilópolis',11111111111, 3658, 1),
('3203007','Santos Dumont - Nilópolis',11111111111, 3658, 1),
('3203008','Manoel Reis I - Nilópolis',11111111111, 3658, 1),
('3203009','Nossa Senhora de Fátima - Nilópolis',11111111111, 3658, 1),
('3203010','Centro de Olinda - Nilópolis',11111111111, 3658, 1),
('3203011','da Mina - Nilópolis',11111111111, 3658, 1),
('3203012','Paiol - Nilópolis',11111111111, 3658, 1),
('3203013','Cabral - Nilópolis',11111111111, 3658, 1),
('3203014','Cabuís II - Nilópolis',11111111111, 3658, 1),
('3203015','Manoel Reis II - Nilópolis',11111111111, 3658, 1),
('2001','Badu - Niterói',11111111111, 3658, 1),
('2002','Baldeador - Niterói',11111111111, 3658, 1),
('2003','Barreto - Niterói',11111111111, 3658, 1),
('2004','Boa Viagem - Niterói',11111111111, 3658, 1),
('2005','Cachoeira - Niterói',11111111111, 3658, 1),
('2006','Cafubá - Niterói',11111111111, 3658, 1),
('2007','Camboinhas - Niterói',11111111111, 3658, 1),
('2008','Cantagalo - Niterói',11111111111, 3658, 1),
('2009','Caramujo - Niterói',11111111111, 3658, 1),
('2010','Centro - Niterói',11111111111, 3658, 1),
('2011','Charitas - Niterói',11111111111, 3658, 1),
('2012','Cubango - Niterói',11111111111, 3658, 1),
('2013','Engenhoca - Niterói',11111111111, 3658, 1),
('2014','Engenho do Mato - Niterói',11111111111, 3658, 1),
('2015','Fátima - Niterói',11111111111, 3658, 1),
('2016','Fonseca - Niterói',11111111111, 3658, 1),
('2017','Gragoatá - Niterói',11111111111, 3658, 1),
('2018','Icaraí - Niterói',11111111111, 3658, 1),
('2019','Ilha da Conceição - Niterói',11111111111, 3658, 1),
('2020','Ingá - Niterói',11111111111, 3658, 1),
('2021','Itacoatiara - Niterói',11111111111, 3658, 1),
('2022','Itaipu - Niterói',11111111111, 3658, 1),
('2023','Ititioca - Niterói',11111111111, 3658, 1),
('2024','Jacaré - Niterói',11111111111, 3658, 1),
('2025','Jurujuba - Niterói',11111111111, 3658, 1),
('2026','Largo da Batalha - Niterói',11111111111, 3658, 1),
('2027','Maceió - Niterói',11111111111, 3658, 1),
('2028','Maria Paula - Niterói',11111111111, 3658, 1),
('2029','Matapaca - Niterói',11111111111, 3658, 1),
('2030','Morro do Estado - Niterói',11111111111, 3658, 1),
('2031','Muriqui - Niterói',11111111111, 3658, 1),
('2032','Pé Pequeno - Niterói',11111111111, 3658, 1),
('2033','Piratininga - Niterói',11111111111, 3658, 1),
('2034','Ponta D''Areia - Niterói',11111111111, 3658, 1),
('2035','Rio do Ouro - Niterói',11111111111, 3658, 1),
('2036','Santa Bárbara - Niterói',11111111111, 3658, 1),
('2037','Santana - Niterói',11111111111, 3658, 1),
('2038','Santa Rosa - Niterói',11111111111, 3658, 1),
('2039','São Domingos - Niterói',11111111111, 3658, 1),
('2040','São Francisco - Niterói',11111111111, 3658, 1),
('2041','São Lourenço - Niterói',11111111111, 3658, 1),
('2042','Sapê - Niterói',11111111111, 3658, 1),
('2043','Tenente Jardim - Niterói',11111111111, 3658, 1),
('2044','Várzea das Moças - Niterói',11111111111, 3658, 1),
('2045','Viçoso Jardim - Niterói',11111111111, 3658, 1),
('2046','Vila Progresso - Niterói',11111111111, 3658, 1),
('2047','Viradouro - Niterói',11111111111, 3658, 1),
('2048','Vital Brasil - Niterói',11111111111, 3658, 1),
('2049','Santo Antônio - Niterói',11111111111, 3658, 1),
('2050','Maravista - Niterói',11111111111, 3658, 1),
('2051','Serra Grande - Niterói',11111111111, 3658, 1),
('2052','Jardim Imbuí - Niterói',11111111111, 3658, 1),
('3500001','Centro - Nova Iguaçu',11111111111, 3658, 1),
('3500002','Califórnia - Nova Iguaçu',11111111111, 3658, 1),
('3500003','Vila Nova - Nova Iguaçu',11111111111, 3658, 1),
('3500004','Juscelino - Nova Iguaçu',11111111111, 3658, 1),
('3500005','Caonze - Nova Iguaçu',11111111111, 3658, 1),
('3500006','Da Luz - Nova Iguaçu',11111111111, 3658, 1),
('3500007','Santa Eugênia - Nova Iguaçu',11111111111, 3658, 1),
('3500008','Jardim Iguaçu - Nova Iguaçu',11111111111, 3658, 1),
('3500009','Chacrinha - Nova Iguaçu',11111111111, 3658, 1),
('3500010','Moquetá - Nova Iguaçu',11111111111, 3658, 1),
('3500011','Da Viga - Nova Iguaçu',11111111111, 3658, 1),
('3500012','Rancho Novo - Nova Iguaçu',11111111111, 3658, 1),
('3500013','Vila Operária - Nova Iguaçu',11111111111, 3658, 1),
('3500014','Engenho Pequeno - Nova Iguaçu',11111111111, 3658, 1),
('3500015','Jardim Tropical - Nova Iguaçu',11111111111, 3658, 1),
('3500016','Da Prata - Nova Iguaçu',11111111111, 3658, 1),
('3500017','Da Posse - Nova Iguaçu',11111111111, 3658, 1),
('3500018','Da Cerâmica - Nova Iguaçu',11111111111, 3658, 1),
('3500019','Ponto Chic - Nova Iguaçu',11111111111, 3658, 1),
('3500020','Ambaí - Nova Iguaçu',11111111111, 3658, 1),
('3500021','Nova América - Nova Iguaçu',11111111111, 3658, 1),
('3500022','Carmary - Nova Iguaçu',11111111111, 3658, 1),
('3500023','Três Corações - Nova Iguaçu',11111111111, 3658, 1),
('3500024','Kennedy - Nova Iguaçu',11111111111, 3658, 1),
('3500025','Parque Flora - Nova Iguaçu',11111111111, 3658, 1),
('3500026','Botafogo - Nova Iguaçu',11111111111, 3658, 1),
('3500027','Comendador Soares - Nova Iguaçu',11111111111, 3658, 1),
('3500028','Ouro Verde - Nova Iguaçu',11111111111, 3658, 1),
('3500029','Jardim Alvorada - Nova Iguaçu',11111111111, 3658, 1),
('3500030','Danon - Nova Iguaçu',11111111111, 3658, 1),
('3500031','Jardim Palmares - Nova Iguaçu',11111111111, 3658, 1),
('3500032','Rosa dos Ventos - Nova Iguaçu',11111111111, 3658, 1),
('3500033','Jardim Pernambuco - Nova Iguaçu',11111111111, 3658, 1),
('3500034','Jardim Nova Era - Nova Iguaçu',11111111111, 3658, 1),
('3500045','Cabuçu - Nova Iguaçu',11111111111, 3658, 1),
('3500046','Da Palhada - Nova Iguaçu',11111111111, 3658, 1),
('3500047','Valverde - Nova Iguaçu',11111111111, 3658, 1),
('3500048','Marapicu - Nova Iguaçu',11111111111, 3658, 1),
('3500049','Lagoinha - Nova Iguaçu',11111111111, 3658, 1),
('3500050','Campo Alegre - Nova Iguaçu',11111111111, 3658, 1),
('3500051','Ipiranga - Nova Iguaçu',11111111111, 3658, 1),
('3500052','Km - 32 - Nova Iguaçu',11111111111, 3658, 1),
('3500053','Paraíso - Nova Iguaçu',11111111111, 3658, 1),
('3500054','Jardim Guandu - Nova Iguaçu',11111111111, 3658, 1),
('3500055','Prados Verdes - Nova Iguaçu',11111111111, 3658, 1),
('3500056','Austin - Nova Iguaçu',11111111111, 3658, 1),
('3500057','Riachão - Nova Iguaçu',11111111111, 3658, 1),
('3500058','Inconfidência - Nova Iguaçu',11111111111, 3658, 1),
('3500059','Carlos Sampaio - Nova Iguaçu',11111111111, 3658, 1),
('3500060','Tinguazinho - Nova Iguaçu',11111111111, 3658, 1),
('3500061','Cacuia - Nova Iguaçu',11111111111, 3658, 1),
('3500062','Rodilândia - Nova Iguaçu',11111111111, 3658, 1),
('3500063','Vila Guimarães - Nova Iguaçu',11111111111, 3658, 1),
('3500064','Vila de Cava - Nova Iguaçu',11111111111, 3658, 1),
('3500065','Santa Rita - Nova Iguaçu',11111111111, 3658, 1),
('3500066','Rancho Fundo - Nova Iguaçu',11111111111, 3658, 1),
('3500067','Figueiras - Nova Iguaçu',11111111111, 3658, 1),
('3500068','Iguaçu Velho - Nova Iguaçu',11111111111, 3658, 1),
('3500069','Corumbá - Nova Iguaçu',11111111111, 3658, 1),
('3500070','Miguel Couto - Nova Iguaçu',11111111111, 3658, 1),
('3500071','Boa Esperança - Nova Iguaçu',11111111111, 3658, 1),
('3500072','Parque Ambaí - Nova Iguaçu',11111111111, 3658, 1),
('3500073','Grama - Nova Iguaçu',11111111111, 3658, 1),
('3500074','Geneciano - Nova Iguaçu',11111111111, 3658, 1),
('3500075','Tinguá - Nova Iguaçu',11111111111, 3658, 1),
('3500076','Montevidéu - Nova Iguaçu',11111111111, 3658, 1),
('3500077','Adrianópolis - Nova Iguaçu',11111111111, 3658, 1),
('4128001','Água Espalhada - Quatis',11111111111, 3658, 1),
('4128002','Alto Paraíso - Quatis',11111111111, 3658, 1),
('4128003','Barrinha - Quatis',11111111111, 3658, 1),
('4128004','Bela Vista - Quatis',11111111111, 3658, 1),
('4128005','Boa Vista - Quatis',11111111111, 3658, 1),
('4128006','Bondarovsky - Quatis',11111111111, 3658, 1),
('4128007','Centro - Quatis',11111111111, 3658, 1),
('4128008','Industrial - Quatis',11111111111, 3658, 1),
('4128009','Jardim Independência - Quatis',11111111111, 3658, 1),
('4128010','Jardim Pollastri - Quatis',11111111111, 3658, 1),
('4128011','Mirandópolis - Quatis',11111111111, 3658, 1),
('4128012','Nossa Senhora do Rosário - Quatis',11111111111, 3658, 1),
('4128013','Pilotos - Quatis',11111111111, 3658, 1),
('4128014','Santa Bárbara - Quatis',11111111111, 3658, 1),
('4128015','Santo Antônio - Quatis',11111111111, 3658, 1),
('4128016','São Benedito - Quatis',11111111111, 3658, 1),
('4201001','Centro - Resende',11111111111, 3658, 1),
('4201002','Jardim Brasília - Resende',11111111111, 3658, 1),
('4201003','Parque Jalisco - Resende',11111111111, 3658, 1),
('4201004','Manejo - Resende',11111111111, 3658, 1),
('4201005','Vila Liberdade - Resende',11111111111, 3658, 1),
('4201006','Vila Itapuca - Resende',11111111111, 3658, 1),
('4201007','Alegria - Resende',11111111111, 3658, 1),
('4201008','Surubi - Resende',11111111111, 3658, 1),
('4201009','Vicentina - Resende',11111111111, 3658, 1),
('4201010','Campos Elíseos - Resende',11111111111, 3658, 1),
('4201011','Cabral - Resende',11111111111, 3658, 1),
('4201012','Paraíso - Resende',11111111111, 3658, 1),
('4201013','São Caetano - Resende',11111111111, 3658, 1),
('4201014','Alto do Surubi - Resende',11111111111, 3658, 1),
('4201015','Novo Surubi - Resende',11111111111, 3658, 1),
('4201016','Vila Verde - Resende',11111111111, 3658, 1),
('4201017','Morro do Machado - Resende',11111111111, 3658, 1),
('4201018','Morro do Batista - Resende',11111111111, 3658, 1),
('4201019','Alto dos Passos - Resende',11111111111, 3658, 1),
('4201020','Vila Moderna - Resende',11111111111, 3658, 1),
('4201021','Vila Santo Amaro - Resende',11111111111, 3658, 1),
('4201022','Parque Ipiranga II - Resende',11111111111, 3658, 1),
('4201023','Parque Ipiranga I - Resende',11111111111, 3658, 1),
('4201024','Jardim Brasília II - Resende',11111111111, 3658, 1),
('4201025','Eucaliptal - Resende',11111111111, 3658, 1),
('4201026','Vila Adelaide - Resende',11111111111, 3658, 1),
('4201027','Vila Central - Resende',11111111111, 3658, 1),
('4201028','Vila Elizabeth - Resende',11111111111, 3658, 1),
('4201029','Condomínio Horizontal Tácito - Resende',11111111111, 3658, 1),
('4201030','Barbosa Lima - Resende',11111111111, 3658, 1),
('4201031','Jorge Vas Curvo - Resende',11111111111, 3658, 1),
('4201032','Vila Nova Liberdade - Resende',11111111111, 3658, 1),
('4201033','Vila Santa Cecília - Resende',11111111111, 3658, 1),
('4201034','Vila Julieta - Resende',11111111111, 3658, 1),
('4201035','Vila Huda Rocha - Resende',11111111111, 3658, 1),
('4201036','Indústria IQR - Resende',11111111111, 3658, 1),
('4201037','Vila Santa Isabel - Resende',11111111111, 3658, 1),
('4201038','Retiro do Paraíso - Resende',11111111111, 3658, 1),
('4201039','Bairro Helite - Resende',11111111111, 3658, 1),
('4201040','Morada da Felicidade - Resende',11111111111, 3658, 1),
('4201041','Baixada da Itapuca - Resende',11111111111, 3658, 1),
('4201042','Aeroporto - Resende',11111111111, 3658, 1),
('4201043','Parque Exapicor - Resende',11111111111, 3658, 1),
('4201044','Morada da Colina - Resende',11111111111, 3658, 1),
('4201045','Mirante das Agulhas - Resende',11111111111, 3658, 1),
('4201046','Morada do Bosque - Resende',11111111111, 3658, 1),
('4201047','Condomínio Morada das Agulhas - Resende',11111111111, 3658, 1),
('4201048','Casa da Lua - Resende',11111111111, 3658, 1),
('4201049','Boa Vista - Resende',11111111111, 3658, 1),
('4201050','Boa Vista II - Resende',11111111111, 3658, 1),
('4201051','Mirante da Serra - Resende',11111111111, 3658, 1),
('4201052','Toyota - Resende',11111111111, 3658, 1),
('4201053','Primavera - Resende',11111111111, 3658, 1),
('4201054','Vila Isabel - Resende',11111111111, 3658, 1),
('4201055','Jardim Beira Rio - Resende',11111111111, 3658, 1),
('4201056','Nova Alegria - Resende',11111111111, 3658, 1),
('4201057','Jardim Alegria - Resende',11111111111, 3658, 1),
('4201058','Cidade da Alegria - Resende',11111111111, 3658, 1),
('4201059','Alegria II - Resende',11111111111, 3658, 1),
('4201060','Comercial - Resende',11111111111, 3658, 1),
('4201061','Jardim Tropical - Resende',11111111111, 3658, 1),
('4201062','Montese - Resende',11111111111, 3658, 1),
('4201063','Montese II - Resende',11111111111, 3658, 1),
('4201064','Morada do Castelo - Resende',11111111111, 3658, 1),
('4201065','Alambari - Resende',11111111111, 3658, 1),
('4201066','Castelo Branco - Resende',11111111111, 3658, 1),
('4557001','Centro - Rio de Janeiro',11111111111, 3658, 1),
('4557002','Gamboa - Rio de Janeiro',11111111111, 3658, 1),
('4557003','Santo Cristo - Rio de Janeiro',11111111111, 3658, 1),
('4557004','Caju - Rio de Janeiro',11111111111, 3658, 1),
('4557005','Catumbi - Rio de Janeiro',11111111111, 3658, 1),
('4557006','Rio Comprido - Rio de Janeiro',11111111111, 3658, 1),
('4557007','Cidade Nova - Rio de Janeiro',11111111111, 3658, 1),
('4557008','Estácio - Rio de Janeiro',11111111111, 3658, 1),
('4557009','Flamengo - Rio de Janeiro',11111111111, 3658, 1),
('4557010','Glória - Rio de Janeiro',11111111111, 3658, 1),
('4557011','Laranjeiras - Rio de Janeiro',11111111111, 3658, 1),
('4557012','Catete - Rio de Janeiro',11111111111, 3658, 1),
('4557013','Cosme Velho - Rio de Janeiro',11111111111, 3658, 1),
('4557014','Botafogo - Rio de Janeiro',11111111111, 3658, 1),
('4557015','Urca - Rio de Janeiro',11111111111, 3658, 1),
('4557016','Humaitá - Rio de Janeiro',11111111111, 3658, 1),
('4557017','Leme - Rio de Janeiro',11111111111, 3658, 1),
('4557018','Copacabana - Rio de Janeiro',11111111111, 3658, 1),
('4557019','Ipanema - Rio de Janeiro',11111111111, 3658, 1),
('4557020','Leblon - Rio de Janeiro',11111111111, 3658, 1),
('4557021','Lagoa - Rio de Janeiro',11111111111, 3658, 1),
('4557022','Jardim Botânico - Rio de Janeiro',11111111111, 3658, 1),
('4557023','Gávea - Rio de Janeiro',11111111111, 3658, 1),
('4557024','Vidigal - Rio de Janeiro',11111111111, 3658, 1),
('4557025','São Conrado - Rio de Janeiro',11111111111, 3658, 1),
('4557026','São Cristóvão - Rio de Janeiro',11111111111, 3658, 1),
('4557027','Mangueira - Rio de Janeiro',11111111111, 3658, 1),
('4557028','Benfica - Rio de Janeiro',11111111111, 3658, 1),
('4557029','Praça da Bandeira - Rio de Janeiro',11111111111, 3658, 1),
('4557030','Tijuca - Rio de Janeiro',11111111111, 3658, 1),
('4557031','Alto da Boa Vista - Rio de Janeiro',11111111111, 3658, 1),
('4557032','Maracanã - Rio de Janeiro',11111111111, 3658, 1),
('4557033','Vila Isabel - Rio de Janeiro',11111111111, 3658, 1),
('4557034','Andaraí - Rio de Janeiro',11111111111, 3658, 1),
('4557035','Grajaú - Rio de Janeiro',11111111111, 3658, 1),
('4557036','Manguinhos - Rio de Janeiro',11111111111, 3658, 1),
('4557037','Bonsucesso - Rio de Janeiro',11111111111, 3658, 1),
('4557038','Ramos - Rio de Janeiro',11111111111, 3658, 1),
('4557039','Olaria - Rio de Janeiro',11111111111, 3658, 1),
('4557040','Penha - Rio de Janeiro',11111111111, 3658, 1),
('4557041','Penha Circular - Rio de Janeiro',11111111111, 3658, 1),
('4557042','Brás de Pina - Rio de Janeiro',11111111111, 3658, 1),
('4557043','Cordovil - Rio de Janeiro',11111111111, 3658, 1),
('4557044','Parada de Lucas - Rio de Janeiro',11111111111, 3658, 1),
('4557045','Vigário Geral - Rio de Janeiro',11111111111, 3658, 1),
('4557046','Jardim América - Rio de Janeiro',11111111111, 3658, 1),
('4557047','São Francisco Xavier - Rio de Janeiro',11111111111, 3658, 1),
('4557048','Rocha - Rio de Janeiro',11111111111, 3658, 1),
('4557049','Riachuelo - Rio de Janeiro',11111111111, 3658, 1),
('4557050','Sampaio - Rio de Janeiro',11111111111, 3658, 1),
('4557051','Engenho Novo - Rio de Janeiro',11111111111, 3658, 1),
('4557052','Lins de Vasconcelos - Rio de Janeiro',11111111111, 3658, 1),
('4557053','Méier - Rio de Janeiro',11111111111, 3658, 1),
('4557054','Todos os Santos - Rio de Janeiro',11111111111, 3658, 1),
('4557055','Cachambi - Rio de Janeiro',11111111111, 3658, 1),
('4557056','Engenho de Dentro - Rio de Janeiro',11111111111, 3658, 1),
('4557057','Água Santa - Rio de Janeiro',11111111111, 3658, 1),
('4557058','Encantado - Rio de Janeiro',11111111111, 3658, 1),
('4557059','Piedade - Rio de Janeiro',11111111111, 3658, 1),
('4557060','Abolição - Rio de Janeiro',11111111111, 3658, 1),
('4557061','Pilares - Rio de Janeiro',11111111111, 3658, 1),
('4557062','Vila Kosmos - Rio de Janeiro',11111111111, 3658, 1),
('4557063','Vicente de Carvalho - Rio de Janeiro',11111111111, 3658, 1),
('4557064','Vila da Penha - Rio de Janeiro',11111111111, 3658, 1),
('4557065','Vista Alegre - Rio de Janeiro',11111111111, 3658, 1),
('4557066','Irajá - Rio de Janeiro',11111111111, 3658, 1),
('4557067','Colégio - Rio de Janeiro',11111111111, 3658, 1),
('4557068','Campinho - Rio de Janeiro',11111111111, 3658, 1),
('4557069','Quintino Bocaiúva - Rio de Janeiro',11111111111, 3658, 1),
('4557070','Cavalcanti - Rio de Janeiro',11111111111, 3658, 1),
('4557071','Engenheiro Leal - Rio de Janeiro',11111111111, 3658, 1),
('4557072','Cascadura - Rio de Janeiro',11111111111, 3658, 1),
('4557073','Madureira - Rio de Janeiro',11111111111, 3658, 1),
('4557074','Vaz Lobo - Rio de Janeiro',11111111111, 3658, 1),
('4557075','Turiaçu - Rio de Janeiro',11111111111, 3658, 1),
('4557076','Rocha Miranda - Rio de Janeiro',11111111111, 3658, 1),
('4557077','Honório Gurgel - Rio de Janeiro',11111111111, 3658, 1),
('4557078','Oswaldo Cruz - Rio de Janeiro',11111111111, 3658, 1),
('4557079','Bento Ribeiro - Rio de Janeiro',11111111111, 3658, 1),
('4557080','Marechal Hermes - Rio de Janeiro',11111111111, 3658, 1),
('4557081','Jacarepaguá - Rio de Janeiro',11111111111, 3658, 1),
('4557082','Anil - Rio de Janeiro',11111111111, 3658, 1),
('4557083','Gardênia Azul - Rio de Janeiro',11111111111, 3658, 1),
('4557084','Cidade de Deus - Rio de Janeiro',11111111111, 3658, 1),
('4557085','Curicica - Rio de Janeiro',11111111111, 3658, 1),
('4557086','Freguesia - Jacarepaguá - Rio de Janeiro',11111111111, 3658, 1),
('4557087','Pechincha - Rio de Janeiro',11111111111, 3658, 1),
('4557088','Taquara - Rio de Janeiro',11111111111, 3658, 1),
('4557089','Tanque - Rio de Janeiro',11111111111, 3658, 1),
('4557090','Praça Seca - Rio de Janeiro',11111111111, 3658, 1),
('4557091','Vila Valqueire - Rio de Janeiro',11111111111, 3658, 1),
('4557092','Deodoro - Rio de Janeiro',11111111111, 3658, 1),
('4557093','Vila Militar - Rio de Janeiro',11111111111, 3658, 1),
('4557094','Campo dos Afonsos - Rio de Janeiro',11111111111, 3658, 1),
('4557095','Jardim Sulacap - Rio de Janeiro',11111111111, 3658, 1),
('4557096','Magalhães Bastos - Rio de Janeiro',11111111111, 3658, 1),
('4557097','Realengo - Rio de Janeiro',11111111111, 3658, 1),
('4557098','Padre Miguel - Rio de Janeiro',11111111111, 3658, 1),
('4557099','Bangu - Rio de Janeiro',11111111111, 3658, 1),
('4557100','Senador Camará - Rio de Janeiro',11111111111, 3658, 1),
('4557101','Santíssimo - Rio de Janeiro',11111111111, 3658, 1),
('4557102','Campo Grande - Rio de Janeiro',11111111111, 3658, 1),
('4557103','Senador Vasconcelos - Rio de Janeiro',11111111111, 3658, 1),
('4557104','Inhoaíba - Rio de Janeiro',11111111111, 3658, 1),
('4557105','Cosmos - Rio de Janeiro',11111111111, 3658, 1),
('4557106','Paciência - Rio de Janeiro',11111111111, 3658, 1),
('4557107','Santa Cruz - Rio de Janeiro',11111111111, 3658, 1),
('4557108','Sepetiba - Rio de Janeiro',11111111111, 3658, 1),
('4557109','Ribeira - Rio de Janeiro',11111111111, 3658, 1),
('4557110','Zumbi - Rio de Janeiro',11111111111, 3658, 1),
('4557111','Cacuia - Rio de Janeiro',11111111111, 3658, 1),
('4557112','Pitangueiras - Rio de Janeiro',11111111111, 3658, 1),
('4557113','Praia da Bandeira - Rio de Janeiro',11111111111, 3658, 1),
('4557114','Cocotá - Rio de Janeiro',11111111111, 3658, 1),
('4557115','Bancários - Rio de Janeiro',11111111111, 3658, 1),
('4557116','Freguesia - Ilha do Governador - Rio de Janeiro',11111111111, 3658, 1),
('4557117','Jardim Guanabara - Rio de Janeiro',11111111111, 3658, 1),
('4557118','Jardim Carioca - Rio de Janeiro',11111111111, 3658, 1),
('4557119','Tauá - Rio de Janeiro',11111111111, 3658, 1),
('4557120','Moneró - Rio de Janeiro',11111111111, 3658, 1),
('4557121','Portuguesa - Rio de Janeiro',11111111111, 3658, 1),
('4557122','Galeão - Rio de Janeiro',11111111111, 3658, 1),
('4557123','Cidade Universitária - Rio de Janeiro',11111111111, 3658, 1),
('4557124','Guadalupe - Rio de Janeiro',11111111111, 3658, 1),
('4557125','Anchieta - Rio de Janeiro',11111111111, 3658, 1),
('4557126','Parque Anchieta - Rio de Janeiro',11111111111, 3658, 1),
('4557127','Ricardo de Albuquerque - Rio de Janeiro',11111111111, 3658, 1),
('4557128','Santa Teresa - Rio de Janeiro',11111111111, 3658, 1),
('4557129','Joá - Rio de Janeiro',11111111111, 3658, 1),
('4557130','Itanhangá - Rio de Janeiro',11111111111, 3658, 1),
('4557131','Barra da Tijuca - Rio de Janeiro',11111111111, 3658, 1),
('4557132','Camorim - Rio de Janeiro',11111111111, 3658, 1),
('4557133','Vargem Pequena - Rio de Janeiro',11111111111, 3658, 1),
('4557134','Vargem Grande - Rio de Janeiro',11111111111, 3658, 1),
('4557135','Recreio dos Bandeirantes - Rio de Janeiro',11111111111, 3658, 1),
('4557136','Grumari - Rio de Janeiro',11111111111, 3658, 1),
('4557137','Coelho Neto - Rio de Janeiro',11111111111, 3658, 1),
('4557138','Acari - Rio de Janeiro',11111111111, 3658, 1),
('4557139','Barros Filho - Rio de Janeiro',11111111111, 3658, 1),
('4557140','Costa Barros - Rio de Janeiro',11111111111, 3658, 1),
('4557141','Pavuna - Rio de Janeiro',11111111111, 3658, 1),
('4557142','Guaratiba - Rio de Janeiro',11111111111, 3658, 1),
('4557143','Barra de Guaratiba - Rio de Janeiro',11111111111, 3658, 1),
('4557144','Pedra de Guaratiba - Rio de Janeiro',11111111111, 3658, 1),
('4557145','Higienópolis - Rio de Janeiro',11111111111, 3658, 1),
('4557146','Jacaré - Rio de Janeiro',11111111111, 3658, 1),
('4557147','Maria da Graça - Rio de Janeiro',11111111111, 3658, 1),
('4557148','Del Castilho - Rio de Janeiro',11111111111, 3658, 1),
('4557149','Inhaúma - Rio de Janeiro',11111111111, 3658, 1),
('4557150','Engenho da Rainha - Rio de Janeiro',11111111111, 3658, 1),
('4557151','Tomás Coelho - Rio de Janeiro',11111111111, 3658, 1),
('4557152','Saúde - Rio de Janeiro',11111111111, 3658, 1),
('4557153','Paquetá - Rio de Janeiro',11111111111, 3658, 1),
('4557154','Parque Columbia - Rio de Janeiro',11111111111, 3658, 1),
('4557155','Jacarezinho - Rio de Janeiro',11111111111, 3658, 1),
('4557156','Rocinha - Rio de Janeiro',11111111111, 3658, 1),
('4557157','Complexo do Alemão - Rio de Janeiro',11111111111, 3658, 1),
('4557158','Maré - Rio de Janeiro',11111111111, 3658, 1),
('4557159','Vasco da Gama - Rio de Janeiro',11111111111, 3658, 1),
('4557160','Gericinó - Rio de Janeiro',11111111111, 3658, 1),
('4904001','Alcântara - São Gonçalo',11111111111, 3658, 1),
('4904002','Antonina - São Gonçalo',11111111111, 3658, 1),
('4904003','Boaçu - São Gonçalo',11111111111, 3658, 1),
('4904004','Brasilândia I - São Gonçalo',11111111111, 3658, 1),
('4904005','Centro - São Gonçalo',11111111111, 3658, 1),
('4904006','Colubandê - São Gonçalo',11111111111, 3658, 1),
('4904007','Cruzeiro do Sul - São Gonçalo',11111111111, 3658, 1),
('4904008','Engenho Pequeno I - São Gonçalo',11111111111, 3658, 1),
('4904009','Estrela do Norte - São Gonçalo',11111111111, 3658, 1),
('4904010','Fazenda dos Mineiros - São Gonçalo',11111111111, 3658, 1),
('4904011','Galo Branco - São Gonçalo',11111111111, 3658, 1),
('4904012','Itaóca - São Gonçalo',11111111111, 3658, 1),
('4904013','Itaúna - São Gonçalo',11111111111, 3658, 1),
('4904014','Lindo Parque I - São Gonçalo',11111111111, 3658, 1),
('4904015','Luiz Caçador - São Gonçalo',11111111111, 3658, 1),
('4904016','Mutondo - São Gonçalo',11111111111, 3658, 1),
('4904017','Mutuá - São Gonçalo',11111111111, 3658, 1),
('4904018','Mutuaguaçu - São Gonçalo',11111111111, 3658, 1),
('4904019','Mutuapira - São Gonçalo',11111111111, 3658, 1),
('4904020','Nova Cidade - São Gonçalo',11111111111, 3658, 1),
('4904021','Palmeiras - São Gonçalo',11111111111, 3658, 1),
('4904022','Porto da Rosa - São Gonçalo',11111111111, 3658, 1),
('4904023','Recanto das Acácias - São Gonçalo',11111111111, 3658, 1),
('4904024','Rocha - São Gonçalo',11111111111, 3658, 1),
('4904025','Salgueiro - São Gonçalo',11111111111, 3658, 1),
('4904026','São Miguel - São Gonçalo',11111111111, 3658, 1),
('4904027','Tribobó I - São Gonçalo',11111111111, 3658, 1),
('4904028','Trindade - São Gonçalo',11111111111, 3658, 1),
('4904029','Vila Yara - São Gonçalo',11111111111, 3658, 1),
('4904030','Zé Garoto I - São Gonçalo',11111111111, 3658, 1),
('4904031','Almerinda - São Gonçalo',11111111111, 3658, 1),
('4904032','Amendoeira - São Gonçalo',11111111111, 3658, 1),
('4904033','Anaia Grande - São Gonçalo',11111111111, 3658, 1),
('4904034','Anaia Pequeno - São Gonçalo',11111111111, 3658, 1),
('4904035','Arrastão - São Gonçalo',11111111111, 3658, 1),
('4904036','Arsenal - São Gonçalo',11111111111, 3658, 1),
('4904037','Coelho - São Gonçalo',11111111111, 3658, 1),
('4904038','Eliane - São Gonçalo',11111111111, 3658, 1),
('4904039','Engenho do Roçado - São Gonçalo',11111111111, 3658, 1),
('4904040','Ieda - São Gonçalo',11111111111, 3658, 1),
('4904041','Ipiíba - São Gonçalo',11111111111, 3658, 1),
('4904042','Jardim Amendoeira - São Gonçalo',11111111111, 3658, 1),
('4904043','Jardim Nova República - São Gonçalo',11111111111, 3658, 1),
('4904044','Jockey - São Gonçalo',11111111111, 3658, 1),
('4904045','Lagoinha I - São Gonçalo',11111111111, 3658, 1),
('4904046','Largo da Idéia I - São Gonçalo',11111111111, 3658, 1),
('4904047','Maria Paula I - São Gonçalo',11111111111, 3658, 1),
('4904048','Pacheco I - São Gonçalo',11111111111, 3658, 1),
('4904049','Raul Veiga I - São Gonçalo',11111111111, 3658, 1),
('4904050','Rio do Ouro - São Gonçalo',11111111111, 3658, 1),
('4904051','Sacramento I - São Gonçalo',11111111111, 3658, 1),
('4904052','Santa Isabel - São Gonçalo',11111111111, 3658, 1),
('4904053','Tiradentes - São Gonçalo',11111111111, 3658, 1),
('4904054','Tribobó II - São Gonçalo',11111111111, 3658, 1),
('4904055','Várzea das Moças - São Gonçalo',11111111111, 3658, 1),
('4904056','Vila Candosa - São Gonçalo',11111111111, 3658, 1),
('4904057','Barracão - São Gonçalo',11111111111, 3658, 1),
('4904058','Bom Retiro - São Gonçalo',11111111111, 3658, 1),
('4904059','Gebara - São Gonçalo',11111111111, 3658, 1),
('4904060','Guarani - São Gonçalo',11111111111, 3658, 1),
('4904061','Guaxindiba - São Gonçalo',11111111111, 3658, 1),
('4904062','Jardim Catarina - São Gonçalo',11111111111, 3658, 1),
('4904063','Lagoinha II - São Gonçalo',11111111111, 3658, 1),
('4904064','Laranjal - São Gonçalo',11111111111, 3658, 1),
('4904065','Largo da Idéia II - São Gonçalo',11111111111, 3658, 1),
('4904066','Marambaia - São Gonçalo',11111111111, 3658, 1),
('4904067','Miriambi - São Gonçalo',11111111111, 3658, 1),
('4904068','Monjolos - São Gonçalo',11111111111, 3658, 1),
('4904069','Pacheco II - São Gonçalo',11111111111, 3658, 1),
('4904070','Raul Veiga II - São Gonçalo',11111111111, 3658, 1),
('4904071','Sacramento II - São Gonçalo',11111111111, 3658, 1),
('4904072','Santa Luzia - São Gonçalo',11111111111, 3658, 1),
('4904073','Vila Três - São Gonçalo',11111111111, 3658, 1),
('4904074','Vista Alegre - São Gonçalo',11111111111, 3658, 1),
('4904075','Barro Vermelho I - São Gonçalo',11111111111, 3658, 1),
('4904076','Boa Vista - São Gonçalo',11111111111, 3658, 1),
('4904077','Brasilândia II - São Gonçalo',11111111111, 3658, 1),
('4904078','Camarão - São Gonçalo',11111111111, 3658, 1),
('4904079','Covanca I - São Gonçalo',11111111111, 3658, 1),
('4904080','Gradim - São Gonçalo',11111111111, 3658, 1),
('4904081','Mangueira - São Gonçalo',11111111111, 3658, 1),
('4904082','Neves I - São Gonçalo',11111111111, 3658, 1),
('4904083','Parada Quarenta - São Gonçalo',11111111111, 3658, 1),
('4904084','Paraiso - São Gonçalo',11111111111, 3658, 1),
('4904085','Patronato - São Gonçalo',11111111111, 3658, 1),
('4904086','Pita I - São Gonçalo',11111111111, 3658, 1),
('4904087','Porto da Madame - São Gonçalo',11111111111, 3658, 1),
('4904088','Porto Novo - São Gonçalo',11111111111, 3658, 1),
('4904089','Porto da Pedra - São Gonçalo',11111111111, 3658, 1),
('4904090','Porto Velho - São Gonçalo',11111111111, 3658, 1),
('4904091','Rosane - São Gonçalo',11111111111, 3658, 1),
('4904092','Santa Catarina - São Gonçalo',11111111111, 3658, 1),
('4904093','Vila Lage - São Gonçalo',11111111111, 3658, 1),
('4904094','Zé Garoto II - São Gonçalo',11111111111, 3658, 1),
('4904095','Barro Vermelho II - São Gonçalo',11111111111, 3658, 1),
('4904096','Covanca II - São Gonçalo',11111111111, 3658, 1),
('4904097','Engenho Pequeno II - São Gonçalo',11111111111, 3658, 1),
('4904098','Lindo Parque II - São Gonçalo',11111111111, 3658, 1),
('4904099','Maria Paula II - São Gonçalo',11111111111, 3658, 1),
('4904100','Morro do Castro - São Gonçalo',11111111111, 3658, 1),
('4904101','Neves II - São Gonçalo',11111111111, 3658, 1),
('4904102','Novo México - São Gonçalo',11111111111, 3658, 1),
('4904103','Pita II - São Gonçalo',11111111111, 3658, 1),
('4904104','Santa Catarina II - São Gonçalo',11111111111, 3658, 1),
('4904105','Tenente Jardim - São Gonçalo',11111111111, 3658, 1),
('4904106','Tribobó III - São Gonçalo',11111111111, 3658, 1),
('4904107','Venda da Cruz - São Gonçalo',11111111111, 3658, 1),
('4904108','Zumbi - São Gonçalo',11111111111, 3658, 1),
('5109001','Vila Tiradentes - São João de Meriti',11111111111, 3658, 1),
('5109002','Vilar dos Teles - São João de Meriti',11111111111, 3658, 1),
('5109003','Jardim Meriti - São João de Meriti',11111111111, 3658, 1),
('5109004','Eden - São João de Meriti',11111111111, 3658, 1),
('5109005','Engenheiro Belford - São João de Meriti',11111111111, 3658, 1),
('5109006','Agostinho Porto - São João de Meriti',11111111111, 3658, 1),
('5109007','Vila Rosali - São João de Meriti',11111111111, 3658, 1),
('5109008','Venda Velha - São João de Meriti',11111111111, 3658, 1),
('5109009','Parque Araruama - São João de Meriti',11111111111, 3658, 1),
('5109010','Jardim Sumaré - São João de Meriti',11111111111, 3658, 1),
('5109011','Jardim Metrópole - São João de Meriti',11111111111, 3658, 1),
('5109012','Jardim Paraiso - São João de Meriti',11111111111, 3658, 1),
('5109013','Coelho da Rocha - São João de Meriti',11111111111, 3658, 1),
('5109014','Tomazinho - São João de Meriti',11111111111, 3658, 1),
('5109015','São Matheus - São João de Meriti',11111111111, 3658, 1),
('5109016','Centro - São João de Meriti',11111111111, 3658, 1),
('5208001','Centro - São Pedro da Aldeia',11111111111, 3658, 1),
('5208002','Nova São Pedro - São Pedro da Aldeia',11111111111, 3658, 1),
('5208003','Porto da Aldeia - São Pedro da Aldeia',11111111111, 3658, 1),
('5208004','Poço Fundo - São Pedro da Aldeia',11111111111, 3658, 1),
('5208005','Boqueirão - São Pedro da Aldeia',11111111111, 3658, 1),
('5208006','Praia do Sudoeste - São Pedro da Aldeia',11111111111, 3658, 1),
('5208007','Baleia - São Pedro da Aldeia',11111111111, 3658, 1),
('5208008','Estação - São Pedro da Aldeia',11111111111, 3658, 1),
('5208009','São José - São Pedro da Aldeia',11111111111, 3658, 1),
('5208010','Fluminense - São Pedro da Aldeia',11111111111, 3658, 1),
('5208011','Bela Vista - São Pedro da Aldeia',11111111111, 3658, 1),
('5208012','Jardim Soledade - São Pedro da Aldeia',11111111111, 3658, 1),
('5208013','Morro do Milagre - São Pedro da Aldeia',11111111111, 3658, 1),
('5208014','Boa Vista - São Pedro da Aldeia',11111111111, 3658, 1),
('5208015','Jardim Morada da Aldeia - São Pedro da Aldeia',11111111111, 3658, 1),
('5208016','Recanto do Sol - São Pedro da Aldeia',11111111111, 3658, 1),
('5208017','Jardim das Acácias - São Pedro da Aldeia',11111111111, 3658, 1),
('5208018','Santo Antônio - São Pedro da Aldeia',11111111111, 3658, 1),
('5208019','Rua do Fogo - São Pedro da Aldeia',11111111111, 3658, 1),
('5208020','Pinheiros - São Pedro da Aldeia',11111111111, 3658, 1),
('5208021','Flexeiras - São Pedro da Aldeia',11111111111, 3658, 1),
('5208022','Balneário São Pedro - São Pedro da Aldeia',11111111111, 3658, 1),
('5208023','Balneário São Pedro 2 - São Pedro da Aldeia',11111111111, 3658, 1),
('5208024','Parque dos Meninos - São Pedro da Aldeia',11111111111, 3658, 1),
('5208025','Balneário das Conchas - São Pedro da Aldeia',11111111111, 3658, 1),
('5208026','Jardim Arco-Íris - São Pedro da Aldeia',11111111111, 3658, 1),
('5208027','Praia Linda - São Pedro da Aldeia',11111111111, 3658, 1),
('5208028','Campo Redondo - São Pedro da Aldeia',11111111111, 3658, 1),
('5208029','Colina - São Pedro da Aldeia',11111111111, 3658, 1),
('5208030','São João - São Pedro da Aldeia',11111111111, 3658, 1),
('5208031','Parque Estoril - São Pedro da Aldeia',11111111111, 3658, 1),
('5208032','Baixo Grande - São Pedro da Aldeia',11111111111, 3658, 1),
('5208033','Ponta do Ambrósio - São Pedro da Aldeia',11111111111, 3658, 1),
('5208034','Vinhateiro - São Pedro da Aldeia',11111111111, 3658, 1),
('5208035','Jardim Primavera - São Pedro da Aldeia',11111111111, 3658, 1),
('5208036','Porto do Carro - São Pedro da Aldeia',11111111111, 3658, 1),
('5208037','Recanto das Orquídeas - São Pedro da Aldeia',11111111111, 3658, 1),
('5208038','Parque Arruda - São Pedro da Aldeia',11111111111, 3658, 1),
('5208039','Alecrim - São Pedro da Aldeia',11111111111, 3658, 1),
('5208040','Base AeroNaval - São Pedro da Aldeia',11111111111, 3658, 1),
('5505001','Areal - Saquarema',11111111111, 3658, 1),
('5505002','Barra Nova - Saquarema',11111111111, 3658, 1),
('5505003','Boqueirão - Saquarema',11111111111, 3658, 1),
('5505004','Centro - Saquarema',11111111111, 3658, 1),
('5505005','Coqueiral - Saquarema',11111111111, 3658, 1),
('5505006','Gravatá - Saquarema',11111111111, 3658, 1),
('5505007','Guarani - Saquarema',11111111111, 3658, 1),
('5505008','Ipitangas - Saquarema',11111111111, 3658, 1),
('5505009','Itauna - Saquarema',11111111111, 3658, 1),
('5505010','Jardim - Saquarema',11111111111, 3658, 1),
('5505011','Leigos - Saquarema',11111111111, 3658, 1),
('5505012','Mombaça - Saquarema',11111111111, 3658, 1),
('5505013','Porto da Roça I - Saquarema',11111111111, 3658, 1),
('5505014','Porto Novo - Saquarema',11111111111, 3658, 1),
('5505015','Vilatur - Saquarema',11111111111, 3658, 1),
('5505016','Água Branca - Saquarema',11111111111, 3658, 1),
('5505017','Alvorada - Saquarema',11111111111, 3658, 1),
('5505018','Asfalto Velho - Saquarema',11111111111, 3658, 1),
('5505019','Aterrado - Saquarema',11111111111, 3658, 1),
('5505020','Bacaxá - Saquarema',11111111111, 3658, 1),
('5505021','Barreira - Saquarema',11111111111, 3658, 1),
('5505022','Bicuíba - Saquarema',11111111111, 3658, 1),
('5505023','Bonsucesso - Saquarema',11111111111, 3658, 1),
('5505024','Caixa D''Água - Saquarema',11111111111, 3658, 1),
('5505025','Comum - Saquarema',11111111111, 3658, 1),
('5505026','Condado de Bacaxá - Saquarema',11111111111, 3658, 1),
('5505027','de Fátima - Saquarema',11111111111, 3658, 1),
('5505028','Engenho Grande - Saquarema',11111111111, 3658, 1),
('5505029','Madressilva - Saquarema',11111111111, 3658, 1),
('5505030','Morro dos Pregos - Saquarema',11111111111, 3658, 1),
('5505031','Parque Marina - Saquarema',11111111111, 3658, 1),
('5505032','Porto da Roça II - Saquarema',11111111111, 3658, 1),
('5505033','Raia - Saquarema',11111111111, 3658, 1),
('5505034','Retiro - Saquarema',11111111111, 3658, 1),
('5505035','Rio da Areia - Saquarema',11111111111, 3658, 1),
('5505036','Rio Seco - Saquarema',11111111111, 3658, 1),
('5505037','São Geraldo - Saquarema',11111111111, 3658, 1),
('5505038','Verde Vale - Saquarema',11111111111, 3658, 1),
('5505039','Basilea - Saquarema',11111111111, 3658, 1),
('5505041','Jaconé - Saquarema',11111111111, 3658, 1),
('5505042','Sampaio Correia - Saquarema',11111111111, 3658, 1),
('5505043','Serra de Mato Grosso - Saquarema',11111111111, 3658, 1),
('5505044','Tingui - Saquarema',11111111111, 3658, 1),
('5752001','Centro - Tanguá',11111111111, 3658, 1),
('5752002','Vila Cortes - Tanguá',11111111111, 3658, 1),
('5752003','Ampliação - Tanguá',11111111111, 3658, 1),
('5752004','Pinhão - Tanguá',11111111111, 3658, 1),
('5752005','Bandeirantes - Tanguá',11111111111, 3658, 1),
('5752006','Duques - Tanguá',11111111111, 3658, 1),
('5752007','Mangueirinha - Tanguá',11111111111, 3658, 1),
('5752008','Mangueiras - Tanguá',11111111111, 3658, 1),
('5752009','Minério - Tanguá',11111111111, 3658, 1),
('5752010','Núcleo Urbano de Posse dos Coutinhos - Tanguá',11111111111, 3658, 1),
('5802001','Várzea - Teresópolis',11111111111, 3658, 1),
('5802002','Alto - Teresópolis',11111111111, 3658, 1),
('5802003','São Pedro - Teresópolis',11111111111, 3658, 1),
('5802004','Barra do Imbuí - Teresópolis',11111111111, 3658, 1),
('5802005','Tijuca - Teresópolis',11111111111, 3658, 1),
('5802006','Bom Retiro - Teresópolis',11111111111, 3658, 1),
('5802007','Araras - Teresópolis',11111111111, 3658, 1),
('5802008','Barroso - Teresópolis',11111111111, 3658, 1),
('5802009','Carlos Guinle - Teresópolis',11111111111, 3658, 1),
('5802010','Meudom - Teresópolis',11111111111, 3658, 1),
('5802011','Ermitage - Teresópolis',11111111111, 3658, 1),
('5802012','Parque São Luiz - Teresópolis',11111111111, 3658, 1),
('5802013','Fazendinha - Teresópolis',11111111111, 3658, 1),
('5802014','Cascata Guarani - Teresópolis',11111111111, 3658, 1),
('5802015','Jardim Cascata - Teresópolis',11111111111, 3658, 1),
('5802016','Morro dos Pinheiros - Teresópolis',11111111111, 3658, 1),
('5802017','Soberbo - Teresópolis',11111111111, 3658, 1),
('5802018','Granja Guarani - Teresópolis',11111111111, 3658, 1),
('5802019','Parque do Ingá - Teresópolis',11111111111, 3658, 1),
('5802020','Cascata dos Amores - Teresópolis',11111111111, 3658, 1),
('5802021','Taumaturgo - Teresópolis',11111111111, 3658, 1),
('5802024','Iucas - Teresópolis',11111111111, 3658, 1),
('5802025','Agriões - Teresópolis',11111111111, 3658, 1),
('5802027','Jardim Europa - Teresópolis',11111111111, 3658, 1),
('5802028','Vila Muqui - Teresópolis',11111111111, 3658, 1),
('5802029','Quinta da Barra - Teresópolis',11111111111, 3658, 1),
('5802030','Paineiras - Teresópolis',11111111111, 3658, 1),
('5802031','Golfe - Teresópolis',11111111111, 3658, 1),
('5802032','Artistas - Teresópolis',11111111111, 3658, 1),
('5802033','Vale do Paraíso - Teresópolis',11111111111, 3658, 1),
('5802034','Pimenteiras - Teresópolis',11111111111, 3658, 1),
('5802035','Cascata do Imbuí - Teresópolis',11111111111, 3658, 1),
('5802036','Posse - Teresópolis',11111111111, 3658, 1),
('5802037','Quebra Frascos - Teresópolis',11111111111, 3658, 1),
('5802038','Parque do Imbuí - Teresópolis',11111111111, 3658, 1),
('5802039','Prata - Teresópolis',11111111111, 3658, 1),
('5802040','Fonte Santa - Teresópolis',11111111111, 3658, 1),
('5802041','Granja Florestal - Teresópolis',11111111111, 3658, 1),
('5802042','Jardim Salaco - Teresópolis',11111111111, 3658, 1),
('5802043','Albuquerque - Teresópolis',11111111111, 3658, 1),
('5802044','Caleme - Teresópolis',11111111111, 3658, 1),
('5802045','Quinta Lebrão - Teresópolis',11111111111, 3658, 1),
('5802046','Ficher - Teresópolis',11111111111, 3658, 1),
('5802047','Jardim Meudon - Teresópolis',11111111111, 3658, 1),
('5802048','Santa Cecília - Teresópolis',11111111111, 3658, 1),
('5802049','Caxangá - Teresópolis',11111111111, 3658, 1),
('5802050','Nossa Senhora de Fátima - Teresópolis',11111111111, 3658, 1),
('5802051','Corta Vento - Teresópolis',11111111111, 3658, 1),
('5802052','Panorama - Teresópolis',11111111111, 3658, 1),
('6305001','Aterrado - Volta Redonda',11111111111, 3658, 1),
('6305002','Açude - Volta Redonda',11111111111, 3658, 1),
('6305003','Aero Clube - Volta Redonda',11111111111, 3658, 1),
('6305004','Água Limpa - Volta Redonda',11111111111, 3658, 1),
('6305005','Belo Horizonte - Volta Redonda',11111111111, 3658, 1),
('6305006','Barreira Cravo - Volta Redonda',11111111111, 3658, 1),
('6305007','Belmonte - Volta Redonda',11111111111, 3658, 1),
('6305008','Brasilândia - Volta Redonda',11111111111, 3658, 1),
('6305009','Bela Vista - Volta Redonda',11111111111, 3658, 1),
('6305010','Candelária - Volta Redonda',11111111111, 3658, 1),
('6305011','Casa de Pedra - Volta Redonda',11111111111, 3658, 1),
('6305012','Conforto - Volta Redonda',11111111111, 3658, 1),
('6305013','Dom Bosco - Volta Redonda',11111111111, 3658, 1),
('6305014','Eucaliptal - Volta Redonda',11111111111, 3658, 1),
('6305015','Jardim Belvedere - Volta Redonda',11111111111, 3658, 1),
('6305016','Jardim Amália - Volta Redonda',11111111111, 3658, 1),
('6305017','Jardim Suiça - Volta Redonda',11111111111, 3658, 1),
('6305018','Jardim Europa - Volta Redonda',11111111111, 3658, 1),
('6305019','Jardim Padre Josimo Tavares - Volta Redonda',11111111111, 3658, 1),
('6305020','Laranjal - Volta Redonda',11111111111, 3658, 1),
('6305021','Minerlândia - Volta Redonda',11111111111, 3658, 1),
('6305022','Monte Castelo - Volta Redonda',11111111111, 3658, 1),
('6305023','N. S. das Graças - Volta Redonda',11111111111, 3658, 1),
('6305024','Niterói - Volta Redonda',11111111111, 3658, 1),
('6305025','Ponte Alta - Volta Redonda',11111111111, 3658, 1),
('6305026','Pinto da Serra - Volta Redonda',11111111111, 3658, 1),
('6305027','Retiro - Volta Redonda',11111111111, 3658, 1),
('6305028','Rústico - Volta Redonda',11111111111, 3658, 1),
('6305029','São João Batista - Volta Redonda',11111111111, 3658, 1),
('6305030','São Cristóvão - Volta Redonda',11111111111, 3658, 1),
('6305031','São Geraldo - Volta Redonda',11111111111, 3658, 1),
('6305032','São João - Volta Redonda',11111111111, 3658, 1),
('6305033','Santa Cruz - Volta Redonda',11111111111, 3658, 1),
('6305034','São Lucas - Volta Redonda',11111111111, 3658, 1),
('6305035','São Luís - Volta Redonda',11111111111, 3658, 1),
('6305036','Santa Inês - Volta Redonda',11111111111, 3658, 1),
('6305037','Santa Rita do Zarur - Volta Redonda',11111111111, 3658, 1),
('6305038','Santo Agostinho - Volta Redonda',11111111111, 3658, 1),
('6305039','Sessenta - Volta Redonda',11111111111, 3658, 1),
('6305040','Siderópolis - Volta Redonda',11111111111, 3658, 1),
('6305041','Vila Brasília - Volta Redonda',11111111111, 3658, 1),
('6305042','Vila Mury - Volta Redonda',11111111111, 3658, 1),
('6305043','Vila Santa Cecília - Volta Redonda',11111111111, 3658, 1),
('6305044','Voldac - Volta Redonda',11111111111, 3658, 1),
('6305045','Três Poços - Volta Redonda',11111111111, 3658, 1),
('6305046','Vila Americana - Volta Redonda',11111111111, 3658, 1),
('6305047','Vila Rica - Volta Redonda',11111111111, 3658, 1),
('6305048','Jardim Belmonte - Volta Redonda',11111111111, 3658, 1),
('6305049','Siderlândia - Volta Redonda',11111111111, 3658, 1),
('6305050','Santa Cruz II - Volta Redonda',11111111111, 3658, 1),
('6305051','249 - Volta Redonda',11111111111, 3658, 1),
('6305052','Jardim Paraíba - Volta Redonda',11111111111, 3658, 1);
-- ----------------------------------------------------------
--                    CATEGORIA KPI
-- ----------------------------------------------------------
INSERT INTO `categoriakpi`(`id_categoria`, `nome`, `MasterFranquia_Franqueado_id_franqueado`) 
VALUES 
(1,'Follow Up',1),
(2,'Recrutamento',1),
(3,'Ranking Captação',1),
(4,'Follow Up',2),
(5,'Recrutamento',2),
(6,'Ranking Captação',2),
(7,'Follow Up',3),
(8,'Recrutamento',3),
(9,'Ranking Captação',3);
-- ----------------------------------------------------------
--                        KPI
-- ----------------------------------------------------------
INSERT INTO `kpi`(`id_kpi`, `tipo`, `nome`, `valorMeta`, `CategoriaKpi_id_categoria`, 
`MasterFranquia_Franqueado_id_franqueado`) 
VALUES 
-- 
(1,'V','Contratos Recebidos',10,1,1),
(2,'V','Novos Clientes',20,1,1),
(3,'V','Vendas',30,1,1),
(4,'V','Locação',40,1,1),
(5,'V','Clientes Atualizados',0,1,1),
(6,'V','Captações Realizadas',0,1,1),
(7,'V','Captações Exclusivas',0,1,1),
(8,'V','Percentual Exclusivo',0,1,1),
(9,'V','Vídeo do Imóvel',90,1,1),
(10,'V','Roteiro de Visitas',100,1,1),
(11,'V','RV:Concluído',20,1,1),
(12,'V','RV:Cancelado',30,1,1),
(13,'V','Propostas Realizadas',40,1,1),
(14,'V','Aprovadas pelo Vendedor',50,1,1),
(15,'V','Transações',20,1,1),
(16,'V','Transações Exclusivas',20,1,1),
(17,'V','Transações em Aberto',20,1,1),
(18,'V','Percentual Vendas Exclusivas',20,1,1),
(19,'V','Faturamento',20,1,1),
(20,'V','Transações',20,1,1),
-- ---------
(21,'V','Total de Agentes',20,2,1),
(22,'V','Agentes com CRECI',10,2,1),
(23,'V','Agentes sem CRECI',10,2,1),
-- ---------
(24,'V','Ranking de Captação',5,3,1),
-- -----------------------------------------------------
(25,'V','Contratos Recebidos',10,1,2),
(26,'V','Novos Clientes',20,1,2),
(27,'V','Vendas',30,1,2),
(28,'V','Locação',40,1,2),
(29,'V','Clientes Atualizados',0,1,2),
(30,'V','Captações Realizadas',0,1,2),
(31,'V','Captações Exclusivas',0,1,2),
(32,'V','Percentual Exclusivo',0,1,2),
(33,'V','Vídeo do Imóvel',50,1,2),
(34,'V','Roteiro de Visitas',60,1,2),
(35,'V','RV:Concluído',0,1,2),
(36,'V','RV:Cancelado',0,1,2),
(37,'V','Propostas Realizadas',20,1,2),
(38,'V','Aprovadas pelo Vendedor',20,1,2),
(39,'V','Transações',20,1,2),
(40,'V','Transações Exclusivas',20,1,2),
(41,'V','Transações em Aberto',20,1,2),
(42,'V','Percentual Vendas Exclusivas',20,1,2),
(43,'V','Faturamento',40,1,2),
(44,'V','Transações',50,1,2),
-- ---------
(45,'V','Total de Agentes',5,2,2),
(46,'V','Agentes com CRECI',5,2,2),
(47,'V','Agentes sem CRECI',0,2,2),
-- ---------
(48,'V','Ranking de Captação',20,3,2),
-- ------------------------------------------------------
(49,'V','Contratos Recebidos',10,1,3),
(50,'V','Novos Clientes',20,1,3),
(51,'V','Vendas',30,1,3),
(52,'V','Locação',40,1,3),
(53,'V','Clientes Atualizados',0,1,3),
(54,'V','Captações Realizadas',0,1,3),
(55,'V','Captações Exclusivas',0,1,3),
(56,'V','Percentual Exclusivo',0,1,3),
(57,'V','Vídeo do Imóvel',50,1,3),
(58,'V','Roteiro de Visitas',60,1,3),
(59,'V','RV:Concluído',70,1,3),
(60,'V','RV:Cancelado',80,1,3),
(61,'V','Propostas Realizadas',90,1,3),
(62,'V','Aprovadas pelo Vendedor',20,1,3),
(63,'V','Transações',20,1,3),
(64,'V','Transações Exclusivas',30,1,3),
(65,'V','Transações em Aberto',30,1,3),
(66,'V','Percentual Vendas Exclusivas',10,1,3),
(67,'V','Faturamento',10,1,3),
(68,'V','Transações',10,1,3),
-- ---------
(69,'V','Total de Agentes',20,2,3),
(70,'V','Agentes com CRECI',20,2,3),
(71,'V','Agentes sem CRECI',0,2,3),
-- ---------
(72,'V','Ranking de Captação',15,3,3);
-- ------------------------------------------------------
-- ----------------------------------------------------------
--                       REGISTRO DE KPI
-- ----------------------------------------------------------
INSERT INTO `registrokpi`(`id_registro`, `mesAnoReferencia`, `dataRegistro`, `dataEnvio`, `status`, `valorRegistro`, `valorMeta`, `Kpi_id_kpi`, `UsuarioFranqueado_Usuario_cpf`, `Franquia_Franqueado_id_franqueado`)
VALUES 
(1,'2022-12-01', '2022-12-02', '2022-12-02', 'E', 25, 200, 1, 33333333333, 4),
(2,'2022-12-01', '2022-12-02', '2022-12-02', 'E', 100, 55, 2, 33333333333, 4),
(3,'2022-12-01', '2022-12-02', '2022-12-02', 'R', 220, 2, 15, 33333333333, 4),
(4,'2022-12-01', '2022-12-02', '2022-12-02', 'R', 230, 235, 5, 33333333333, 4),
(5,'2022-12-01', '2022-12-02', '2022-12-02', 'E', 240, 35, 20, 33333333333, 4),
(6,'2022-12-01', '2022-12-02', '2022-12-02', 'E', 210, 15, 24, 33333333333, 4),

(7,'2022-12-01', '2022-12-02', '2022-12-02', 'E', 200, 25, 1, 66666666666, 5),
(8,'2022-12-01', '2022-12-02', '2022-12-02', 'E', 55, 100, 2, 66666666666, 5),
(9,'2022-12-01', '2022-12-02', '2022-12-02', 'R', 220, 2, 15, 66666666666, 5),
(10,'2022-12-01', '2022-12-02', '2022-12-02', 'R', 230, 235, 5, 66666666666, 5),
(12,'2022-12-01', '2022-12-02', '2022-12-02', 'E', 21, 21, 24, 66666666666, 5),

(13,'2022-12-01', '2022-12-02', '2022-12-02', 'E', 200, 25, 1, 77777777777, 6),
(14,'2022-12-01', '2022-12-02', '2022-12-02', 'E', 100, 55, 2, 77777777777, 6),
(15,'2022-12-01', '2022-12-02', '2022-12-02', 'R', 2, 220, 15, 77777777777, 6),
(16,'2022-12-01', '2022-12-02', '2022-12-02', 'R', 230, 235, 5, 77777777777, 6),
(17,'2022-12-01', '2022-12-02', '2022-12-02', 'E', 240, 35, 20, 77777777777, 6),
(18,'2022-12-01', '2022-12-02', '2022-12-02', 'E', 210, 15, 24, 77777777777, 6);